<?xml version="1.0" standalone="yes"?>
<Teams>
    <Team teamid="327" employees="3">
        <Units>
            <Unit unitid="331024f4-5a44-4f0e-aa14-9ede9b33ba92" registration="HVI1485">
                <Wingtips>true</Wingtips>
                <Windows>110</Windows>
                <seatconfig>
                    <seat compartment="eco" cover="fabric">
                        <amount>12</amount>
                        <tv>false</tv>
                    </seat>
                    <seat compartment="business" cover="fabric">
                        <amount>29</amount>
                        <tv>true</tv>
                    </seat>
                    <seat compartment="first" cover="leather">
                        <amount>7</amount>
                        <tv>true</tv>
                    </seat>
                    <brand>Recaro</brand>
                </seatconfig>
            </Unit>
            <Unit unitid="af70cea4-4921-4e84-a99f-77abc38a9721" registration="YQR1913">
                <Wingtips>true</Wingtips>
                <Windows>110</Windows>
                <seatconfig>
                    <seat compartment="eco" cover="fabric">
                        <amount>37</amount>
                        <tv>false</tv>
                    </seat>
                    <seat compartment="business" cover="fabric">
                        <amount>18</amount>
                        <tv>true</tv>
                    </seat>
                    <seat compartment="first" cover="leather">
                        <amount>4</amount>
                        <tv>true</tv>
                    </seat>
                    <brand>Recaro</brand>
                </seatconfig>
            </Unit>
            <Unit unitid="743d723e-bd5e-4569-a129-0ec006039ae8" registration="XHB2001">
                <Wingtips>true</Wingtips>
                <Windows>110</Windows>
                <seatconfig>
                    <seat compartment="eco" cover="fabric">
                        <amount>41</amount>
                        <tv>false</tv>
                    </seat>
                    <seat compartment="business" cover="fabric">
                        <amount>9</amount>
                        <tv>true</tv>
                    </seat>
                    <seat compartment="first" cover="leather">
                        <amount>3</amount>
                        <tv>true</tv>
                    </seat>
                    <brand>Recaro</brand>
                </seatconfig>
            </Unit>
        </Units>
    </Team>
    <Team teamid="264" employees="3">
        <Units>
            <Unit unitid="af116f59-072c-4fa1-a970-d5365ca90f53" registration="UIW0997">
                <Wingtips>true</Wingtips>
                <Windows>75</Windows>
                <seatconfig>
                    <seat compartment="eco" cover="fabric">
                        <amount>14</amount>
                        <tv>false</tv>
                    </seat>
                    <seat compartment="business" cover="fabric">
                        <amount>11</amount>
                        <tv>true</tv>
                    </seat>
                    <seat compartment="first" cover="leather">
                        <amount>4</amount>
                        <tv>true</tv>
                    </seat>
                    <brand>Recaro</brand>
                </seatconfig>
            </Unit>
            <Unit unitid="281acd83-01c1-4a30-aaad-5086d16c6270" registration="EYE0700">
                <Wingtips>true</Wingtips>
                <Windows>75</Windows>
                <seatconfig>
                    <seat compartment="eco" cover="fabric">
                        <amount>17</amount>
                        <tv>false</tv>
                    </seat>
                    <seat compartment="business" cover="fabric">
                        <amount>16</amount>
                        <tv>true</tv>
                    </seat>
                    <seat compartment="first" cover="leather">
                        <amount>7</amount>
                        <tv>true</tv>
                    </seat>
                    <brand>Recaro</brand>
                </seatconfig>
            </Unit>
        </Units>
    </Team>
    <Team teamid="622" employees="3">
        <Units>
            <Unit unitid="81c208d0-732e-421a-abf8-9f4641375a5d" registration="SRX7137">
                <Wingtips>true</Wingtips>
                <Windows>10</Windows>
                <seatconfig>
                    <seat compartment="eco" cover="fabric">
                        <amount>28</amount>
                        <tv>false</tv>
                    </seat>
                    <seat compartment="business" cover="fabric">
                        <amount>13</amount>
                        <tv>true</tv>
                    </seat>
                    <seat compartment="first" cover="leather">
                        <amount>5</amount>
                        <tv>true</tv>
                    </seat>
                    <brand>Recaro</brand>
                </seatconfig>
            </Unit>
            <Unit unitid="8bd52698-400a-4ef8-852c-117838bd9c9c" registration="OQT8287">
                <Wingtips>true</Wingtips>
                <Windows>10</Windows>
                <seatconfig>
                    <seat compartment="eco" cover="fabric">
                        <amount>16</amount>
                        <tv>false</tv>
                    </seat>
                    <seat compartment="business" cover="fabric">
                        <amount>18</amount>
                        <tv>true</tv>
                    </seat>
                    <seat compartment="first" cover="leather">
                        <amount>2</amount>
                        <tv>true</tv>
                    </seat>
                    <brand>Recaro</brand>
                </seatconfig>
            </Unit>
            <Unit unitid="417d7f6e-aa3e-46a4-bc83-b10e214d16c8" registration="OZA8494">
                <Wingtips>true</Wingtips>
                <Windows>10</Windows>
                <seatconfig>
                    <seat compartment="eco" cover="fabric">
                        <amount>50</amount>
                        <tv>false</tv>
                    </seat>
                    <seat compartment="business" cover="fabric">
                        <amount>15</amount>
                        <tv>true</tv>
                    </seat>
                    <seat compartment="first" cover="leather">
                        <amount>4</amount>
                        <tv>true</tv>
                    </seat>
                    <brand>Recaro</brand>
                </seatconfig>
            </Unit>
        </Units>
    </Team>
    <Team teamid="34" employees="3">
        <Units>
            <Unit unitid="c4c0500b-c07e-4f12-8956-6008568ceae3" registration="HAH7695">
                <Wingtips>false</Wingtips>
                <Windows>67</Windows>
                <seatconfig>
                    <seat compartment="eco" cover="fabric">
                        <amount>26</amount>
                        <tv>false</tv>
                    </seat>
                    <seat compartment="business" cover="fabric">
                        <amount>25</amount>
                        <tv>true</tv>
                    </seat>
                    <seat compartment="first" cover="leather">
                        <amount>3</amount>
                        <tv>true</tv>
                    </seat>
                    <brand>Recaro</brand>
                </seatconfig>
            </Unit>
        </Units>
    </Team>
    <Team teamid="656" employees="3">
        <Units>
            <Unit unitid="ef4ee5df-bd89-4410-a620-487e39580717" registration="QZF3351">
                <Wingtips>true</Wingtips>
                <Windows>37</Windows>
                <seatconfig>
                    <seat compartment="eco" cover="fabric">
                        <amount>37</amount>
                        <tv>false</tv>
                    </seat>
                    <seat compartment="business" cover="fabric">
                        <amount>25</amount>
                        <tv>true</tv>
                    </seat>
                    <seat compartment="first" cover="leather">
                        <amount>3</amount>
                        <tv>true</tv>
                    </seat>
                    <brand>Recaro</brand>
                </seatconfig>
            </Unit>
        </Units>
    </Team>
    <Team teamid="375" employees="3">
        <Units>
            <Unit unitid="5e71562a-e27f-4ac5-918d-ef6a6b79ecb5" registration="OFH7417">
                <Wingtips>false</Wingtips>
                <Windows>34</Windows>
                <seatconfig>
                    <seat compartment="eco" cover="fabric">
                        <amount>31</amount>
                        <tv>false</tv>
                    </seat>
                    <seat compartment="business" cover="fabric">
                        <amount>23</amount>
                        <tv>true</tv>
                    </seat>
                    <seat compartment="first" cover="leather">
                        <amount>4</amount>
                        <tv>true</tv>
                    </seat>
                    <brand>Recaro</brand>
                </seatconfig>
            </Unit>
        </Units>
    </Team>
    <Team teamid="284" employees="3">
        <Units>
            <Unit unitid="40890216-d31c-4893-ae61-483e82650614" registration="KPM8873">
                <Wingtips>true</Wingtips>
                <Windows>52</Windows>
                <seatconfig>
                    <seat compartment="eco" cover="fabric">
                        <amount>52</amount>
                        <tv>false</tv>
                    </seat>
                    <seat compartment="business" cover="fabric">
                        <amount>29</amount>
                        <tv>true</tv>
                    </seat>
                    <seat compartment="first" cover="leather">
                        <amount>5</amount>
                        <tv>true</tv>
                    </seat>
                    <brand>Recaro</brand>
                </seatconfig>
            </Unit>
            <Unit unitid="fb6c892c-14f4-4c38-ab56-6b2a2c2a8479" registration="IMA3396">
                <Wingtips>true</Wingtips>
                <Windows>52</Windows>
                <seatconfig>
                    <seat compartment="eco" cover="fabric">
                        <amount>59</amount>
                        <tv>false</tv>
                    </seat>
                    <seat compartment="business" cover="fabric">
                        <amount>27</amount>
                        <tv>true</tv>
                    </seat>
                    <seat compartment="first" cover="leather">
                        <amount>2</amount>
                        <tv>true</tv>
                    </seat>
                    <brand>Recaro</brand>
                </seatconfig>
            </Unit>
            <Unit unitid="3681cd44-3b48-4ad1-862d-13a91efa1367" registration="FHQ6864">
                <Wingtips>true</Wingtips>
                <Windows>52</Windows>
                <seatconfig>
                    <seat compartment="eco" cover="fabric">
                        <amount>62</amount>
                        <tv>false</tv>
                    </seat>
                    <seat compartment="business" cover="fabric">
                        <amount>15</amount>
                        <tv>true</tv>
                    </seat>
                    <seat compartment="first" cover="leather">
                        <amount>2</amount>
                        <tv>true</tv>
                    </seat>
                    <brand>Recaro</brand>
                </seatconfig>
            </Unit>
            <Unit unitid="50cea069-20eb-4658-a51a-b4a63f3cd042" registration="MDG7394">
                <Wingtips>true</Wingtips>
                <Windows>52</Windows>
                <seatconfig>
                    <seat compartment="eco" cover="fabric">
                        <amount>52</amount>
                        <tv>false</tv>
                    </seat>
                    <seat compartment="business" cover="fabric">
                        <amount>10</amount>
                        <tv>true</tv>
                    </seat>
                    <seat compartment="first" cover="leather">
                        <amount>2</amount>
                        <tv>true</tv>
                    </seat>
                    <brand>Recaro</brand>
                </seatconfig>
            </Unit>
        </Units>
    </Team>
    <Team teamid="264" employees="3">
        <Units>
            <Unit unitid="af116f59-072c-4fa1-a970-d5365ca90f53" registration="UIW0997">
                <Wingtips>true</Wingtips>
                <Windows>43</Windows>
                <seatconfig>
                    <seat compartment="eco" cover="fabric">
                        <amount>14</amount>
                        <tv>false</tv>
                    </seat>
                    <seat compartment="business" cover="fabric">
                        <amount>11</amount>
                        <tv>true</tv>
                    </seat>
                    <seat compartment="first" cover="leather">
                        <amount>4</amount>
                        <tv>true</tv>
                    </seat>
                    <brand>Recaro</brand>
                </seatconfig>
            </Unit>
            <Unit unitid="281acd83-01c1-4a30-aaad-5086d16c6270" registration="EYE0700">
                <Wingtips>true</Wingtips>
                <Windows>43</Windows>
                <seatconfig>
                    <seat compartment="eco" cover="fabric">
                        <amount>17</amount>
                        <tv>false</tv>
                    </seat>
                    <seat compartment="business" cover="fabric">
                        <amount>16</amount>
                        <tv>true</tv>
                    </seat>
                    <seat compartment="first" cover="leather">
                        <amount>7</amount>
                        <tv>true</tv>
                    </seat>
                    <brand>Recaro</brand>
                </seatconfig>
            </Unit>
        </Units>
    </Team>
    <Team teamid="284" employees="3">
        <Units>
            <Unit unitid="40890216-d31c-4893-ae61-483e82650614" registration="KPM8873">
                <Wingtips>false</Wingtips>
                <Windows>99</Windows>
                <seatconfig>
                    <seat compartment="eco" cover="fabric">
                        <amount>52</amount>
                        <tv>false</tv>
                    </seat>
                    <seat compartment="business" cover="fabric">
                        <amount>29</amount>
                        <tv>true</tv>
                    </seat>
                    <seat compartment="first" cover="leather">
                        <amount>5</amount>
                        <tv>true</tv>
                    </seat>
                    <brand>Recaro</brand>
                </seatconfig>
            </Unit>
            <Unit unitid="fb6c892c-14f4-4c38-ab56-6b2a2c2a8479" registration="IMA3396">
                <Wingtips>false</Wingtips>
                <Windows>99</Windows>
                <seatconfig>
                    <seat compartment="eco" cover="fabric">
                        <amount>59</amount>
                        <tv>false</tv>
                    </seat>
                    <seat compartment="business" cover="fabric">
                        <amount>27</amount>
                        <tv>true</tv>
                    </seat>
                    <seat compartment="first" cover="leather">
                        <amount>2</amount>
                        <tv>true</tv>
                    </seat>
                    <brand>Recaro</brand>
                </seatconfig>
            </Unit>
            <Unit unitid="3681cd44-3b48-4ad1-862d-13a91efa1367" registration="FHQ6864">
                <Wingtips>false</Wingtips>
                <Windows>99</Windows>
                <seatconfig>
                    <seat compartment="eco" cover="fabric">
                        <amount>62</amount>
                        <tv>false</tv>
                    </seat>
                    <seat compartment="business" cover="fabric">
                        <amount>15</amount>
                        <tv>true</tv>
                    </seat>
                    <seat compartment="first" cover="leather">
                        <amount>2</amount>
                        <tv>true</tv>
                    </seat>
                    <brand>Recaro</brand>
                </seatconfig>
            </Unit>
            <Unit unitid="50cea069-20eb-4658-a51a-b4a63f3cd042" registration="MDG7394">
                <Wingtips>false</Wingtips>
                <Windows>99</Windows>
                <seatconfig>
                    <seat compartment="eco" cover="fabric">
                        <amount>52</amount>
                        <tv>false</tv>
                    </seat>
                    <seat compartment="business" cover="fabric">
                        <amount>10</amount>
                        <tv>true</tv>
                    </seat>
                    <seat compartment="first" cover="leather">
                        <amount>2</amount>
                        <tv>true</tv>
                    </seat>
                    <brand>Recaro</brand>
                </seatconfig>
            </Unit>
        </Units>
    </Team>
    <Team teamid="532" employees="3">
        <Units>
            <Unit unitid="a6aa2d23-afaf-4e14-94ef-dc7d305e77f0" registration="XUF6232">
                <Wingtips>true</Wingtips>
                <Windows>27</Windows>
                <seatconfig>
                    <seat compartment="eco" cover="fabric">
                        <amount>45</amount>
                        <tv>false</tv>
                    </seat>
                    <seat compartment="business" cover="fabric">
                        <amount>23</amount>
                        <tv>true</tv>
                    </seat>
                    <seat compartment="first" cover="leather">
                        <amount>6</amount>
                        <tv>true</tv>
                    </seat>
                    <brand>Recaro</brand>
                </seatconfig>
            </Unit>
            <Unit unitid="524ac372-8761-4a15-8d5e-dff5dd7ecec0" registration="KWW1369">
                <Wingtips>true</Wingtips>
                <Windows>27</Windows>
                <seatconfig>
                    <seat compartment="eco" cover="fabric">
                        <amount>10</amount>
                        <tv>false</tv>
                    </seat>
                    <seat compartment="business" cover="fabric">
                        <amount>20</amount>
                        <tv>true</tv>
                    </seat>
                    <seat compartment="first" cover="leather">
                        <amount>7</amount>
                        <tv>true</tv>
                    </seat>
                    <brand>Recaro</brand>
                </seatconfig>
            </Unit>
        </Units>
    </Team>
    <Team teamid="273" employees="3">
        <Units>
            <Unit unitid="8b986d60-4f03-4e71-a2a3-222916fea871" registration="KSS7783">
                <Wingtips>true</Wingtips>
                <Windows>96</Windows>
                <seatconfig>
                    <seat compartment="eco" cover="fabric">
                        <amount>69</amount>
                        <tv>false</tv>
                    </seat>
                    <seat compartment="business" cover="fabric">
                        <amount>14</amount>
                        <tv>true</tv>
                    </seat>
                    <seat compartment="first" cover="leather">
                        <amount>5</amount>
                        <tv>true</tv>
                    </seat>
                    <brand>Recaro</brand>
                </seatconfig>
            </Unit>
            <Unit unitid="64d9fe8a-ef0b-42ba-9371-f49e3de1cd4d" registration="XZK4187">
                <Wingtips>true</Wingtips>
                <Windows>96</Windows>
                <seatconfig>
                    <seat compartment="eco" cover="fabric">
                        <amount>44</amount>
                        <tv>false</tv>
                    </seat>
                    <seat compartment="business" cover="fabric">
                        <amount>18</amount>
                        <tv>true</tv>
                    </seat>
                    <seat compartment="first" cover="leather">
                        <amount>4</amount>
                        <tv>true</tv>
                    </seat>
                    <brand>Recaro</brand>
                </seatconfig>
            </Unit>
        </Units>
    </Team>
    <Team teamid="622" employees="3">
        <Units>
            <Unit unitid="81c208d0-732e-421a-abf8-9f4641375a5d" registration="SRX7137">
                <Wingtips>true</Wingtips>
                <Windows>42</Windows>
                <seatconfig>
                    <seat compartment="eco" cover="fabric">
                        <amount>28</amount>
                        <tv>false</tv>
                    </seat>
                    <seat compartment="business" cover="fabric">
                        <amount>13</amount>
                        <tv>true</tv>
                    </seat>
                    <seat compartment="first" cover="leather">
                        <amount>5</amount>
                        <tv>true</tv>
                    </seat>
                    <brand>Recaro</brand>
                </seatconfig>
            </Unit>
            <Unit unitid="8bd52698-400a-4ef8-852c-117838bd9c9c" registration="OQT8287">
                <Wingtips>true</Wingtips>
                <Windows>42</Windows>
                <seatconfig>
                    <seat compartment="eco" cover="fabric">
                        <amount>16</amount>
                        <tv>false</tv>
                    </seat>
                    <seat compartment="business" cover="fabric">
                        <amount>18</amount>
                        <tv>true</tv>
                    </seat>
                    <seat compartment="first" cover="leather">
                        <amount>2</amount>
                        <tv>true</tv>
                    </seat>
                    <brand>Recaro</brand>
                </seatconfig>
            </Unit>
            <Unit unitid="417d7f6e-aa3e-46a4-bc83-b10e214d16c8" registration="OZA8494">
                <Wingtips>true</Wingtips>
                <Windows>42</Windows>
                <seatconfig>
                    <seat compartment="eco" cover="fabric">
                        <amount>50</amount>
                        <tv>false</tv>
                    </seat>
                    <seat compartment="business" cover="fabric">
                        <amount>15</amount>
                        <tv>true</tv>
                    </seat>
                    <seat compartment="first" cover="leather">
                        <amount>4</amount>
                        <tv>true</tv>
                    </seat>
                    <brand>Recaro</brand>
                </seatconfig>
            </Unit>
        </Units>
    </Team>
    <Team teamid="285" employees="3">
        <Units>
            <Unit unitid="a43db714-50ac-4c03-a207-242d793a3ac6" registration="AZT5214">
                <Wingtips>true</Wingtips>
                <Windows>57</Windows>
                <seatconfig>
                    <seat compartment="eco" cover="fabric">
                        <amount>62</amount>
                        <tv>false</tv>
                    </seat>
                    <seat compartment="business" cover="fabric">
                        <amount>19</amount>
                        <tv>true</tv>
                    </seat>
                    <seat compartment="first" cover="leather">
                        <amount>4</amount>
                        <tv>true</tv>
                    </seat>
                    <brand>Recaro</brand>
                </seatconfig>
            </Unit>
        </Units>
    </Team>
    <Team teamid="511" employees="3">
        <Units>
            <Unit unitid="69ded96d-a0b9-450d-8510-25c8b4a2a704" registration="NWL2934">
                <Wingtips>true</Wingtips>
                <Windows>87</Windows>
                <seatconfig>
                    <seat compartment="eco" cover="fabric">
                        <amount>64</amount>
                        <tv>false</tv>
                    </seat>
                    <seat compartment="business" cover="fabric">
                        <amount>10</amount>
                        <tv>true</tv>
                    </seat>
                    <seat compartment="first" cover="leather">
                        <amount>5</amount>
                        <tv>true</tv>
                    </seat>
                    <brand>Recaro</brand>
                </seatconfig>
            </Unit>
            <Unit unitid="389eba6c-23e8-48af-9a6d-e1d377e103d4" registration="GLG3116">
                <Wingtips>true</Wingtips>
                <Windows>87</Windows>
                <seatconfig>
                    <seat compartment="eco" cover="fabric">
                        <amount>38</amount>
                        <tv>false</tv>
                    </seat>
                    <seat compartment="business" cover="fabric">
                        <amount>21</amount>
                        <tv>true</tv>
                    </seat>
                    <seat compartment="first" cover="leather">
                        <amount>3</amount>
                        <tv>true</tv>
                    </seat>
                    <brand>Recaro</brand>
                </seatconfig>
            </Unit>
        </Units>
    </Team>
    <Team teamid="70" employees="3">
        <Units>
            <Unit unitid="dba06e96-1d31-4cc5-9e15-50e53bbb983d" registration="IOR1810">
                <Wingtips>true</Wingtips>
                <Windows>34</Windows>
                <seatconfig>
                    <seat compartment="eco" cover="fabric">
                        <amount>52</amount>
                        <tv>false</tv>
                    </seat>
                    <seat compartment="business" cover="fabric">
                        <amount>13</amount>
                        <tv>true</tv>
                    </seat>
                    <seat compartment="first" cover="leather">
                        <amount>5</amount>
                        <tv>true</tv>
                    </seat>
                    <brand>Recaro</brand>
                </seatconfig>
            </Unit>
        </Units>
    </Team>
    <Team teamid="327" employees="3">
        <Units>
            <Unit unitid="331024f4-5a44-4f0e-aa14-9ede9b33ba92" registration="HVI1485">
                <Wingtips>true</Wingtips>
                <Windows>30</Windows>
                <seatconfig>
                    <seat compartment="eco" cover="fabric">
                        <amount>12</amount>
                        <tv>false</tv>
                    </seat>
                    <seat compartment="business" cover="fabric">
                        <amount>29</amount>
                        <tv>true</tv>
                    </seat>
                    <seat compartment="first" cover="leather">
                        <amount>7</amount>
                        <tv>true</tv>
                    </seat>
                    <brand>Recaro</brand>
                </seatconfig>
            </Unit>
            <Unit unitid="af70cea4-4921-4e84-a99f-77abc38a9721" registration="YQR1913">
                <Wingtips>true</Wingtips>
                <Windows>30</Windows>
                <seatconfig>
                    <seat compartment="eco" cover="fabric">
                        <amount>37</amount>
                        <tv>false</tv>
                    </seat>
                    <seat compartment="business" cover="fabric">
                        <amount>18</amount>
                        <tv>true</tv>
                    </seat>
                    <seat compartment="first" cover="leather">
                        <amount>4</amount>
                        <tv>true</tv>
                    </seat>
                    <brand>Recaro</brand>
                </seatconfig>
            </Unit>
            <Unit unitid="743d723e-bd5e-4569-a129-0ec006039ae8" registration="XHB2001">
                <Wingtips>true</Wingtips>
                <Windows>30</Windows>
                <seatconfig>
                    <seat compartment="eco" cover="fabric">
                        <amount>41</amount>
                        <tv>false</tv>
                    </seat>
                    <seat compartment="business" cover="fabric">
                        <amount>9</amount>
                        <tv>true</tv>
                    </seat>
                    <seat compartment="first" cover="leather">
                        <amount>3</amount>
                        <tv>true</tv>
                    </seat>
                    <brand>Recaro</brand>
                </seatconfig>
            </Unit>
        </Units>
    </Team>
    <Team teamid="327" employees="3">
        <Units>
            <Unit unitid="331024f4-5a44-4f0e-aa14-9ede9b33ba92" registration="HVI1485">
                <Wingtips>true</Wingtips>
                <Windows>103</Windows>
                <seatconfig>
                    <seat compartment="eco" cover="fabric">
                        <amount>12</amount>
                        <tv>false</tv>
                    </seat>
                    <seat compartment="business" cover="fabric">
                        <amount>29</amount>
                        <tv>true</tv>
                    </seat>
                    <seat compartment="first" cover="leather">
                        <amount>7</amount>
                        <tv>true</tv>
                    </seat>
                    <brand>Recaro</brand>
                </seatconfig>
            </Unit>
            <Unit unitid="af70cea4-4921-4e84-a99f-77abc38a9721" registration="YQR1913">
                <Wingtips>true</Wingtips>
                <Windows>103</Windows>
                <seatconfig>
                    <seat compartment="eco" cover="fabric">
                        <amount>37</amount>
                        <tv>false</tv>
                    </seat>
                    <seat compartment="business" cover="fabric">
                        <amount>18</amount>
                        <tv>true</tv>
                    </seat>
                    <seat compartment="first" cover="leather">
                        <amount>4</amount>
                        <tv>true</tv>
                    </seat>
                    <brand>Recaro</brand>
                </seatconfig>
            </Unit>
            <Unit unitid="743d723e-bd5e-4569-a129-0ec006039ae8" registration="XHB2001">
                <Wingtips>true</Wingtips>
                <Windows>103</Windows>
                <seatconfig>
                    <seat compartment="eco" cover="fabric">
                        <amount>41</amount>
                        <tv>false</tv>
                    </seat>
                    <seat compartment="business" cover="fabric">
                        <amount>9</amount>
                        <tv>true</tv>
                    </seat>
                    <seat compartment="first" cover="leather">
                        <amount>3</amount>
                        <tv>true</tv>
                    </seat>
                    <brand>Recaro</brand>
                </seatconfig>
            </Unit>
        </Units>
    </Team>
    <Team teamid="583" employees="3">
        <Units>
            <Unit unitid="c3dac360-da6e-464b-b597-7d1104325d59" registration="XHW2271">
                <Wingtips>true</Wingtips>
                <Windows>92</Windows>
                <seatconfig>
                    <seat compartment="eco" cover="fabric">
                        <amount>21</amount>
                        <tv>false</tv>
                    </seat>
                    <seat compartment="business" cover="fabric">
                        <amount>11</amount>
                        <tv>true</tv>
                    </seat>
                    <seat compartment="first" cover="leather">
                        <amount>3</amount>
                        <tv>true</tv>
                    </seat>
                    <brand>Recaro</brand>
                </seatconfig>
            </Unit>
            <Unit unitid="a7349241-1b56-40b7-a807-2cdebce67708" registration="ZHE5869">
                <Wingtips>true</Wingtips>
                <Windows>92</Windows>
                <seatconfig>
                    <seat compartment="eco" cover="fabric">
                        <amount>74</amount>
                        <tv>false</tv>
                    </seat>
                    <seat compartment="business" cover="fabric">
                        <amount>18</amount>
                        <tv>true</tv>
                    </seat>
                    <seat compartment="first" cover="leather">
                        <amount>7</amount>
                        <tv>true</tv>
                    </seat>
                    <brand>Recaro</brand>
                </seatconfig>
            </Unit>
        </Units>
    </Team>
    <Team teamid="531" employees="3">
        <Units>
            <Unit unitid="6c6c6b04-a86d-40ea-8164-2b0b5f3b83de" registration="PXS7898">
                <Wingtips>true</Wingtips>
                <Windows>105</Windows>
                <seatconfig>
                    <seat compartment="eco" cover="fabric">
                        <amount>70</amount>
                        <tv>false</tv>
                    </seat>
                    <seat compartment="business" cover="fabric">
                        <amount>29</amount>
                        <tv>true</tv>
                    </seat>
                    <seat compartment="first" cover="leather">
                        <amount>4</amount>
                        <tv>true</tv>
                    </seat>
                    <brand>Recaro</brand>
                </seatconfig>
            </Unit>
        </Units>
    </Team>
    <Team teamid="254" employees="3">
        <Units>
            <Unit unitid="0a9a97aa-4d1a-48f3-9584-80dceb45658d" registration="JZG8646">
                <Wingtips>true</Wingtips>
                <Windows>67</Windows>
                <seatconfig>
                    <seat compartment="eco" cover="fabric">
                        <amount>13</amount>
                        <tv>false</tv>
                    </seat>
                    <seat compartment="business" cover="fabric">
                        <amount>13</amount>
                        <tv>true</tv>
                    </seat>
                    <seat compartment="first" cover="leather">
                        <amount>7</amount>
                        <tv>true</tv>
                    </seat>
                    <brand>Recaro</brand>
                </seatconfig>
            </Unit>
            <Unit unitid="63af7c38-590f-433d-b4cc-872bf1be9fdc" registration="IQR4580">
                <Wingtips>true</Wingtips>
                <Windows>67</Windows>
                <seatconfig>
                    <seat compartment="eco" cover="fabric">
                        <amount>17</amount>
                        <tv>false</tv>
                    </seat>
                    <seat compartment="business" cover="fabric">
                        <amount>9</amount>
                        <tv>true</tv>
                    </seat>
                    <seat compartment="first" cover="leather">
                        <amount>3</amount>
                        <tv>true</tv>
                    </seat>
                    <brand>Recaro</brand>
                </seatconfig>
            </Unit>
        </Units>
    </Team>
    <Team teamid="389" employees="3">
        <Units>
            <Unit unitid="362af090-79ab-4a3d-ada5-f065ba6fa3f7" registration="ZBG7081">
                <Wingtips>true</Wingtips>
                <Windows>68</Windows>
                <seatconfig>
                    <seat compartment="eco" cover="fabric">
                        <amount>46</amount>
                        <tv>false</tv>
                    </seat>
                    <seat compartment="business" cover="fabric">
                        <amount>24</amount>
                        <tv>true</tv>
                    </seat>
                    <seat compartment="first" cover="leather">
                        <amount>2</amount>
                        <tv>true</tv>
                    </seat>
                    <brand>Recaro</brand>
                </seatconfig>
            </Unit>
            <Unit unitid="3dc3c14b-31a1-43e9-aca1-d36cd4d2443a" registration="VRZ6067">
                <Wingtips>true</Wingtips>
                <Windows>68</Windows>
                <seatconfig>
                    <seat compartment="eco" cover="fabric">
                        <amount>24</amount>
                        <tv>false</tv>
                    </seat>
                    <seat compartment="business" cover="fabric">
                        <amount>8</amount>
                        <tv>true</tv>
                    </seat>
                    <seat compartment="first" cover="leather">
                        <amount>4</amount>
                        <tv>true</tv>
                    </seat>
                    <brand>Recaro</brand>
                </seatconfig>
            </Unit>
        </Units>
    </Team>
    <Team teamid="686" employees="3">
        <Units>
            <Unit unitid="0d57b096-41c3-4f0c-b254-f4e2f6b34bbc" registration="ESJ6520">
                <Wingtips>true</Wingtips>
                <Windows>79</Windows>
                <seatconfig>
                    <seat compartment="eco" cover="fabric">
                        <amount>68</amount>
                        <tv>false</tv>
                    </seat>
                    <seat compartment="business" cover="fabric">
                        <amount>27</amount>
                        <tv>true</tv>
                    </seat>
                    <seat compartment="first" cover="leather">
                        <amount>4</amount>
                        <tv>true</tv>
                    </seat>
                    <brand>Recaro</brand>
                </seatconfig>
            </Unit>
            <Unit unitid="2df581c6-9e0b-4d52-9fea-7982180d2455" registration="QFZ0608">
                <Wingtips>true</Wingtips>
                <Windows>79</Windows>
                <seatconfig>
                    <seat compartment="eco" cover="fabric">
                        <amount>78</amount>
                        <tv>false</tv>
                    </seat>
                    <seat compartment="business" cover="fabric">
                        <amount>12</amount>
                        <tv>true</tv>
                    </seat>
                    <seat compartment="first" cover="leather">
                        <amount>7</amount>
                        <tv>true</tv>
                    </seat>
                    <brand>Recaro</brand>
                </seatconfig>
            </Unit>
        </Units>
    </Team>
    <Team teamid="459" employees="3">
        <Units>
            <Unit unitid="47c03509-cfd0-4686-9696-b658ad31caab" registration="WSQ5431">
                <Wingtips>true</Wingtips>
                <Windows>90</Windows>
                <seatconfig>
                    <seat compartment="eco" cover="fabric">
                        <amount>56</amount>
                        <tv>false</tv>
                    </seat>
                    <seat compartment="business" cover="fabric">
                        <amount>8</amount>
                        <tv>true</tv>
                    </seat>
                    <seat compartment="first" cover="leather">
                        <amount>2</amount>
                        <tv>true</tv>
                    </seat>
                    <brand>Recaro</brand>
                </seatconfig>
            </Unit>
            <Unit unitid="df032b8d-5535-461a-af26-13e0c80efffd" registration="FGU0690">
                <Wingtips>true</Wingtips>
                <Windows>90</Windows>
                <seatconfig>
                    <seat compartment="eco" cover="fabric">
                        <amount>54</amount>
                        <tv>false</tv>
                    </seat>
                    <seat compartment="business" cover="fabric">
                        <amount>19</amount>
                        <tv>true</tv>
                    </seat>
                    <seat compartment="first" cover="leather">
                        <amount>3</amount>
                        <tv>true</tv>
                    </seat>
                    <brand>Recaro</brand>
                </seatconfig>
            </Unit>
            <Unit unitid="f7ef72ef-e43a-4da6-b761-9178cd39e307" registration="HEI3266">
                <Wingtips>true</Wingtips>
                <Windows>90</Windows>
                <seatconfig>
                    <seat compartment="eco" cover="fabric">
                        <amount>78</amount>
                        <tv>false</tv>
                    </seat>
                    <seat compartment="business" cover="fabric">
                        <amount>19</amount>
                        <tv>true</tv>
                    </seat>
                    <seat compartment="first" cover="leather">
                        <amount>7</amount>
                        <tv>true</tv>
                    </seat>
                    <brand>Recaro</brand>
                </seatconfig>
            </Unit>
        </Units>
    </Team>
    <Team teamid="101" employees="3">
        <Units>
            <Unit unitid="1959342a-7c74-4eb6-84df-2c344297e716" registration="MYN9128">
                <Wingtips>true</Wingtips>
                <Windows>61</Windows>
                <seatconfig>
                    <seat compartment="eco" cover="fabric">
                        <amount>21</amount>
                        <tv>false</tv>
                    </seat>
                    <seat compartment="business" cover="fabric">
                        <amount>22</amount>
                        <tv>true</tv>
                    </seat>
                    <seat compartment="first" cover="leather">
                        <amount>3</amount>
                        <tv>true</tv>
                    </seat>
                    <brand>Recaro</brand>
                </seatconfig>
            </Unit>
        </Units>
    </Team>
    <Team teamid="273" employees="3">
        <Units>
            <Unit unitid="8b986d60-4f03-4e71-a2a3-222916fea871" registration="KSS7783">
                <Wingtips>true</Wingtips>
                <Windows>103</Windows>
                <seatconfig>
                    <seat compartment="eco" cover="fabric">
                        <amount>69</amount>
                        <tv>false</tv>
                    </seat>
                    <seat compartment="business" cover="fabric">
                        <amount>14</amount>
                        <tv>true</tv>
                    </seat>
                    <seat compartment="first" cover="leather">
                        <amount>5</amount>
                        <tv>true</tv>
                    </seat>
                    <brand>Recaro</brand>
                </seatconfig>
            </Unit>
            <Unit unitid="64d9fe8a-ef0b-42ba-9371-f49e3de1cd4d" registration="XZK4187">
                <Wingtips>true</Wingtips>
                <Windows>103</Windows>
                <seatconfig>
                    <seat compartment="eco" cover="fabric">
                        <amount>44</amount>
                        <tv>false</tv>
                    </seat>
                    <seat compartment="business" cover="fabric">
                        <amount>18</amount>
                        <tv>true</tv>
                    </seat>
                    <seat compartment="first" cover="leather">
                        <amount>4</amount>
                        <tv>true</tv>
                    </seat>
                    <brand>Recaro</brand>
                </seatconfig>
            </Unit>
        </Units>
    </Team>
    <Team teamid="284" employees="3">
        <Units>
            <Unit unitid="40890216-d31c-4893-ae61-483e82650614" registration="KPM8873">
                <Wingtips>true</Wingtips>
                <Windows>103</Windows>
                <seatconfig>
                    <seat compartment="eco" cover="fabric">
                        <amount>52</amount>
                        <tv>false</tv>
                    </seat>
                    <seat compartment="business" cover="fabric">
                        <amount>29</amount>
                        <tv>true</tv>
                    </seat>
                    <seat compartment="first" cover="leather">
                        <amount>5</amount>
                        <tv>true</tv>
                    </seat>
                    <brand>Recaro</brand>
                </seatconfig>
            </Unit>
            <Unit unitid="fb6c892c-14f4-4c38-ab56-6b2a2c2a8479" registration="IMA3396">
                <Wingtips>true</Wingtips>
                <Windows>103</Windows>
                <seatconfig>
                    <seat compartment="eco" cover="fabric">
                        <amount>59</amount>
                        <tv>false</tv>
                    </seat>
                    <seat compartment="business" cover="fabric">
                        <amount>27</amount>
                        <tv>true</tv>
                    </seat>
                    <seat compartment="first" cover="leather">
                        <amount>2</amount>
                        <tv>true</tv>
                    </seat>
                    <brand>Recaro</brand>
                </seatconfig>
            </Unit>
            <Unit unitid="3681cd44-3b48-4ad1-862d-13a91efa1367" registration="FHQ6864">
                <Wingtips>true</Wingtips>
                <Windows>103</Windows>
                <seatconfig>
                    <seat compartment="eco" cover="fabric">
                        <amount>62</amount>
                        <tv>false</tv>
                    </seat>
                    <seat compartment="business" cover="fabric">
                        <amount>15</amount>
                        <tv>true</tv>
                    </seat>
                    <seat compartment="first" cover="leather">
                        <amount>2</amount>
                        <tv>true</tv>
                    </seat>
                    <brand>Recaro</brand>
                </seatconfig>
            </Unit>
            <Unit unitid="50cea069-20eb-4658-a51a-b4a63f3cd042" registration="MDG7394">
                <Wingtips>true</Wingtips>
                <Windows>103</Windows>
                <seatconfig>
                    <seat compartment="eco" cover="fabric">
                        <amount>52</amount>
                        <tv>false</tv>
                    </seat>
                    <seat compartment="business" cover="fabric">
                        <amount>10</amount>
                        <tv>true</tv>
                    </seat>
                    <seat compartment="first" cover="leather">
                        <amount>2</amount>
                        <tv>true</tv>
                    </seat>
                    <brand>Recaro</brand>
                </seatconfig>
            </Unit>
        </Units>
    </Team>
    <Team teamid="488" employees="3">
        <Units>
            <Unit unitid="82a3640b-2c90-46c8-a183-bc2293e2c3b3" registration="FGX9829">
                <Wingtips>true</Wingtips>
                <Windows>61</Windows>
                <seatconfig>
                    <seat compartment="eco" cover="fabric">
                        <amount>24</amount>
                        <tv>false</tv>
                    </seat>
                    <seat compartment="business" cover="fabric">
                        <amount>25</amount>
                        <tv>true</tv>
                    </seat>
                    <seat compartment="first" cover="leather">
                        <amount>3</amount>
                        <tv>true</tv>
                    </seat>
                    <brand>Recaro</brand>
                </seatconfig>
            </Unit>
        </Units>
    </Team>
    <Team teamid="577" employees="3">
        <Units>
            <Unit unitid="46b128e7-d9e5-4175-acce-b1e73749dcdd" registration="NDJ5868">
                <Wingtips>true</Wingtips>
                <Windows>100</Windows>
                <seatconfig>
                    <seat compartment="eco" cover="fabric">
                        <amount>10</amount>
                        <tv>false</tv>
                    </seat>
                    <seat compartment="business" cover="fabric">
                        <amount>22</amount>
                        <tv>true</tv>
                    </seat>
                    <seat compartment="first" cover="leather">
                        <amount>2</amount>
                        <tv>true</tv>
                    </seat>
                    <brand>Recaro</brand>
                </seatconfig>
            </Unit>
        </Units>
    </Team>
    <Team teamid="389" employees="3">
        <Units>
            <Unit unitid="362af090-79ab-4a3d-ada5-f065ba6fa3f7" registration="ZBG7081">
                <Wingtips>true</Wingtips>
                <Windows>80</Windows>
                <seatconfig>
                    <seat compartment="eco" cover="fabric">
                        <amount>46</amount>
                        <tv>false</tv>
                    </seat>
                    <seat compartment="business" cover="fabric">
                        <amount>24</amount>
                        <tv>true</tv>
                    </seat>
                    <seat compartment="first" cover="leather">
                        <amount>2</amount>
                        <tv>true</tv>
                    </seat>
                    <brand>Recaro</brand>
                </seatconfig>
            </Unit>
            <Unit unitid="3dc3c14b-31a1-43e9-aca1-d36cd4d2443a" registration="VRZ6067">
                <Wingtips>true</Wingtips>
                <Windows>80</Windows>
                <seatconfig>
                    <seat compartment="eco" cover="fabric">
                        <amount>24</amount>
                        <tv>false</tv>
                    </seat>
                    <seat compartment="business" cover="fabric">
                        <amount>8</amount>
                        <tv>true</tv>
                    </seat>
                    <seat compartment="first" cover="leather">
                        <amount>4</amount>
                        <tv>true</tv>
                    </seat>
                    <brand>Recaro</brand>
                </seatconfig>
            </Unit>
        </Units>
    </Team>
    <Team teamid="459" employees="3">
        <Units>
            <Unit unitid="47c03509-cfd0-4686-9696-b658ad31caab" registration="WSQ5431">
                <Wingtips>true</Wingtips>
                <Windows>41</Windows>
                <seatconfig>
                    <seat compartment="eco" cover="fabric">
                        <amount>56</amount>
                        <tv>false</tv>
                    </seat>
                    <seat compartment="business" cover="fabric">
                        <amount>8</amount>
                        <tv>true</tv>
                    </seat>
                    <seat compartment="first" cover="leather">
                        <amount>2</amount>
                        <tv>true</tv>
                    </seat>
                    <brand>Recaro</brand>
                </seatconfig>
            </Unit>
            <Unit unitid="df032b8d-5535-461a-af26-13e0c80efffd" registration="FGU0690">
                <Wingtips>true</Wingtips>
                <Windows>41</Windows>
                <seatconfig>
                    <seat compartment="eco" cover="fabric">
                        <amount>54</amount>
                        <tv>false</tv>
                    </seat>
                    <seat compartment="business" cover="fabric">
                        <amount>19</amount>
                        <tv>true</tv>
                    </seat>
                    <seat compartment="first" cover="leather">
                        <amount>3</amount>
                        <tv>true</tv>
                    </seat>
                    <brand>Recaro</brand>
                </seatconfig>
            </Unit>
            <Unit unitid="f7ef72ef-e43a-4da6-b761-9178cd39e307" registration="HEI3266">
                <Wingtips>true</Wingtips>
                <Windows>41</Windows>
                <seatconfig>
                    <seat compartment="eco" cover="fabric">
                        <amount>78</amount>
                        <tv>false</tv>
                    </seat>
                    <seat compartment="business" cover="fabric">
                        <amount>19</amount>
                        <tv>true</tv>
                    </seat>
                    <seat compartment="first" cover="leather">
                        <amount>7</amount>
                        <tv>true</tv>
                    </seat>
                    <brand>Recaro</brand>
                </seatconfig>
            </Unit>
        </Units>
    </Team>
    <Team teamid="459" employees="3">
        <Units>
            <Unit unitid="47c03509-cfd0-4686-9696-b658ad31caab" registration="WSQ5431">
                <Wingtips>true</Wingtips>
                <Windows>61</Windows>
                <seatconfig>
                    <seat compartment="eco" cover="fabric">
                        <amount>56</amount>
                        <tv>false</tv>
                    </seat>
                    <seat compartment="business" cover="fabric">
                        <amount>8</amount>
                        <tv>true</tv>
                    </seat>
                    <seat compartment="first" cover="leather">
                        <amount>2</amount>
                        <tv>true</tv>
                    </seat>
                    <brand>Recaro</brand>
                </seatconfig>
            </Unit>
            <Unit unitid="df032b8d-5535-461a-af26-13e0c80efffd" registration="FGU0690">
                <Wingtips>true</Wingtips>
                <Windows>61</Windows>
                <seatconfig>
                    <seat compartment="eco" cover="fabric">
                        <amount>54</amount>
                        <tv>false</tv>
                    </seat>
                    <seat compartment="business" cover="fabric">
                        <amount>19</amount>
                        <tv>true</tv>
                    </seat>
                    <seat compartment="first" cover="leather">
                        <amount>3</amount>
                        <tv>true</tv>
                    </seat>
                    <brand>Recaro</brand>
                </seatconfig>
            </Unit>
            <Unit unitid="f7ef72ef-e43a-4da6-b761-9178cd39e307" registration="HEI3266">
                <Wingtips>true</Wingtips>
                <Windows>61</Windows>
                <seatconfig>
                    <seat compartment="eco" cover="fabric">
                        <amount>78</amount>
                        <tv>false</tv>
                    </seat>
                    <seat compartment="business" cover="fabric">
                        <amount>19</amount>
                        <tv>true</tv>
                    </seat>
                    <seat compartment="first" cover="leather">
                        <amount>7</amount>
                        <tv>true</tv>
                    </seat>
                    <brand>Recaro</brand>
                </seatconfig>
            </Unit>
        </Units>
    </Team>
    <Team teamid="284" employees="3">
        <Units>
            <Unit unitid="40890216-d31c-4893-ae61-483e82650614" registration="KPM8873">
                <Wingtips>false</Wingtips>
                <Windows>64</Windows>
                <seatconfig>
                    <seat compartment="eco" cover="fabric">
                        <amount>52</amount>
                        <tv>false</tv>
                    </seat>
                    <seat compartment="business" cover="fabric">
                        <amount>29</amount>
                        <tv>true</tv>
                    </seat>
                    <seat compartment="first" cover="leather">
                        <amount>5</amount>
                        <tv>true</tv>
                    </seat>
                    <brand>Recaro</brand>
                </seatconfig>
            </Unit>
            <Unit unitid="fb6c892c-14f4-4c38-ab56-6b2a2c2a8479" registration="IMA3396">
                <Wingtips>false</Wingtips>
                <Windows>64</Windows>
                <seatconfig>
                    <seat compartment="eco" cover="fabric">
                        <amount>59</amount>
                        <tv>false</tv>
                    </seat>
                    <seat compartment="business" cover="fabric">
                        <amount>27</amount>
                        <tv>true</tv>
                    </seat>
                    <seat compartment="first" cover="leather">
                        <amount>2</amount>
                        <tv>true</tv>
                    </seat>
                    <brand>Recaro</brand>
                </seatconfig>
            </Unit>
            <Unit unitid="3681cd44-3b48-4ad1-862d-13a91efa1367" registration="FHQ6864">
                <Wingtips>false</Wingtips>
                <Windows>64</Windows>
                <seatconfig>
                    <seat compartment="eco" cover="fabric">
                        <amount>62</amount>
                        <tv>false</tv>
                    </seat>
                    <seat compartment="business" cover="fabric">
                        <amount>15</amount>
                        <tv>true</tv>
                    </seat>
                    <seat compartment="first" cover="leather">
                        <amount>2</amount>
                        <tv>true</tv>
                    </seat>
                    <brand>Recaro</brand>
                </seatconfig>
            </Unit>
            <Unit unitid="50cea069-20eb-4658-a51a-b4a63f3cd042" registration="MDG7394">
                <Wingtips>false</Wingtips>
                <Windows>64</Windows>
                <seatconfig>
                    <seat compartment="eco" cover="fabric">
                        <amount>52</amount>
                        <tv>false</tv>
                    </seat>
                    <seat compartment="business" cover="fabric">
                        <amount>10</amount>
                        <tv>true</tv>
                    </seat>
                    <seat compartment="first" cover="leather">
                        <amount>2</amount>
                        <tv>true</tv>
                    </seat>
                    <brand>Recaro</brand>
                </seatconfig>
            </Unit>
        </Units>
    </Team>
    <Team teamid="141" employees="3">
        <Units>
            <Unit unitid="70db9b4a-c21b-4544-bcaa-21c79d1dac86" registration="NRS6295">
                <Wingtips>true</Wingtips>
                <Windows>16</Windows>
                <seatconfig>
                    <seat compartment="eco" cover="fabric">
                        <amount>31</amount>
                        <tv>false</tv>
                    </seat>
                    <seat compartment="business" cover="fabric">
                        <amount>11</amount>
                        <tv>true</tv>
                    </seat>
                    <seat compartment="first" cover="leather">
                        <amount>2</amount>
                        <tv>true</tv>
                    </seat>
                    <brand>Recaro</brand>
                </seatconfig>
            </Unit>
        </Units>
    </Team>
    <Team teamid="686" employees="3">
        <Units>
            <Unit unitid="0d57b096-41c3-4f0c-b254-f4e2f6b34bbc" registration="ESJ6520">
                <Wingtips>true</Wingtips>
                <Windows>77</Windows>
                <seatconfig>
                    <seat compartment="eco" cover="fabric">
                        <amount>68</amount>
                        <tv>false</tv>
                    </seat>
                    <seat compartment="business" cover="fabric">
                        <amount>27</amount>
                        <tv>true</tv>
                    </seat>
                    <seat compartment="first" cover="leather">
                        <amount>4</amount>
                        <tv>true</tv>
                    </seat>
                    <brand>Recaro</brand>
                </seatconfig>
            </Unit>
            <Unit unitid="2df581c6-9e0b-4d52-9fea-7982180d2455" registration="QFZ0608">
                <Wingtips>true</Wingtips>
                <Windows>77</Windows>
                <seatconfig>
                    <seat compartment="eco" cover="fabric">
                        <amount>78</amount>
                        <tv>false</tv>
                    </seat>
                    <seat compartment="business" cover="fabric">
                        <amount>12</amount>
                        <tv>true</tv>
                    </seat>
                    <seat compartment="first" cover="leather">
                        <amount>7</amount>
                        <tv>true</tv>
                    </seat>
                    <brand>Recaro</brand>
                </seatconfig>
            </Unit>
        </Units>
    </Team>
    <Team teamid="541" employees="3">
        <Units>
            <Unit unitid="7420b9e9-0a16-4f3d-9157-c5ecdbfd73f9" registration="IOF7662">
                <Wingtips>true</Wingtips>
                <Windows>11</Windows>
                <seatconfig>
                    <seat compartment="eco" cover="fabric">
                        <amount>66</amount>
                        <tv>false</tv>
                    </seat>
                    <seat compartment="business" cover="fabric">
                        <amount>18</amount>
                        <tv>true</tv>
                    </seat>
                    <seat compartment="first" cover="leather">
                        <amount>3</amount>
                        <tv>true</tv>
                    </seat>
                    <brand>Recaro</brand>
                </seatconfig>
            </Unit>
        </Units>
    </Team>
    <Team teamid="511" employees="3">
        <Units>
            <Unit unitid="69ded96d-a0b9-450d-8510-25c8b4a2a704" registration="NWL2934">
                <Wingtips>true</Wingtips>
                <Windows>102</Windows>
                <seatconfig>
                    <seat compartment="eco" cover="fabric">
                        <amount>64</amount>
                        <tv>false</tv>
                    </seat>
                    <seat compartment="business" cover="fabric">
                        <amount>10</amount>
                        <tv>true</tv>
                    </seat>
                    <seat compartment="first" cover="leather">
                        <amount>5</amount>
                        <tv>true</tv>
                    </seat>
                    <brand>Recaro</brand>
                </seatconfig>
            </Unit>
            <Unit unitid="389eba6c-23e8-48af-9a6d-e1d377e103d4" registration="GLG3116">
                <Wingtips>true</Wingtips>
                <Windows>102</Windows>
                <seatconfig>
                    <seat compartment="eco" cover="fabric">
                        <amount>38</amount>
                        <tv>false</tv>
                    </seat>
                    <seat compartment="business" cover="fabric">
                        <amount>21</amount>
                        <tv>true</tv>
                    </seat>
                    <seat compartment="first" cover="leather">
                        <amount>3</amount>
                        <tv>true</tv>
                    </seat>
                    <brand>Recaro</brand>
                </seatconfig>
            </Unit>
        </Units>
    </Team>
    <Team teamid="299" employees="3">
        <Units>
            <Unit unitid="5add2129-2669-4ff4-aefa-a371e72aebb1" registration="HLV3877">
                <Wingtips>true</Wingtips>
                <Windows>55</Windows>
                <seatconfig>
                    <seat compartment="eco" cover="fabric">
                        <amount>27</amount>
                        <tv>false</tv>
                    </seat>
                    <seat compartment="business" cover="fabric">
                        <amount>28</amount>
                        <tv>true</tv>
                    </seat>
                    <seat compartment="first" cover="leather">
                        <amount>4</amount>
                        <tv>true</tv>
                    </seat>
                    <brand>Recaro</brand>
                </seatconfig>
            </Unit>
            <Unit unitid="2a49a971-3da8-426d-9898-11e1a3baccdf" registration="ZNM9483">
                <Wingtips>true</Wingtips>
                <Windows>55</Windows>
                <seatconfig>
                    <seat compartment="eco" cover="fabric">
                        <amount>61</amount>
                        <tv>false</tv>
                    </seat>
                    <seat compartment="business" cover="fabric">
                        <amount>9</amount>
                        <tv>true</tv>
                    </seat>
                    <seat compartment="first" cover="leather">
                        <amount>6</amount>
                        <tv>true</tv>
                    </seat>
                    <brand>Recaro</brand>
                </seatconfig>
            </Unit>
            <Unit unitid="c4eb064f-3641-48e9-ad1c-ea13c73a7d91" registration="FHH2020">
                <Wingtips>true</Wingtips>
                <Windows>55</Windows>
                <seatconfig>
                    <seat compartment="eco" cover="fabric">
                        <amount>76</amount>
                        <tv>false</tv>
                    </seat>
                    <seat compartment="business" cover="fabric">
                        <amount>29</amount>
                        <tv>true</tv>
                    </seat>
                    <seat compartment="first" cover="leather">
                        <amount>4</amount>
                        <tv>true</tv>
                    </seat>
                    <brand>Recaro</brand>
                </seatconfig>
            </Unit>
        </Units>
    </Team>
    <Team teamid="18" employees="3">
        <Units>
            <Unit unitid="ccd1f00e-3a2a-4a6d-bb24-a4a4dd77f100" registration="BXO4442">
                <Wingtips>true</Wingtips>
                <Windows>46</Windows>
                <seatconfig>
                    <seat compartment="eco" cover="fabric">
                        <amount>75</amount>
                        <tv>false</tv>
                    </seat>
                    <seat compartment="business" cover="fabric">
                        <amount>15</amount>
                        <tv>true</tv>
                    </seat>
                    <seat compartment="first" cover="leather">
                        <amount>6</amount>
                        <tv>true</tv>
                    </seat>
                    <brand>Recaro</brand>
                </seatconfig>
            </Unit>
            <Unit unitid="773a4896-fd48-44f6-8bc8-25e3638b2730" registration="ESJ6520">
                <Wingtips>true</Wingtips>
                <Windows>46</Windows>
                <seatconfig>
                    <seat compartment="eco" cover="fabric">
                        <amount>68</amount>
                        <tv>false</tv>
                    </seat>
                    <seat compartment="business" cover="fabric">
                        <amount>27</amount>
                        <tv>true</tv>
                    </seat>
                    <seat compartment="first" cover="leather">
                        <amount>4</amount>
                        <tv>true</tv>
                    </seat>
                    <brand>Recaro</brand>
                </seatconfig>
            </Unit>
        </Units>
    </Team>
    <Team teamid="114" employees="3">
        <Units>
            <Unit unitid="d8417ac3-9fa6-4b98-9d66-544f1fcc28f1" registration="PVF1822">
                <Wingtips>true</Wingtips>
                <Windows>33</Windows>
                <seatconfig>
                    <seat compartment="eco" cover="fabric">
                        <amount>11</amount>
                        <tv>false</tv>
                    </seat>
                    <seat compartment="business" cover="fabric">
                        <amount>17</amount>
                        <tv>true</tv>
                    </seat>
                    <seat compartment="first" cover="leather">
                        <amount>4</amount>
                        <tv>true</tv>
                    </seat>
                    <brand>Recaro</brand>
                </seatconfig>
            </Unit>
            <Unit unitid="fa122dc3-e7fd-42d9-bec7-973aedd34a3f" registration="IDP5287">
                <Wingtips>true</Wingtips>
                <Windows>33</Windows>
                <seatconfig>
                    <seat compartment="eco" cover="fabric">
                        <amount>49</amount>
                        <tv>false</tv>
                    </seat>
                    <seat compartment="business" cover="fabric">
                        <amount>13</amount>
                        <tv>true</tv>
                    </seat>
                    <seat compartment="first" cover="leather">
                        <amount>2</amount>
                        <tv>true</tv>
                    </seat>
                    <brand>Recaro</brand>
                </seatconfig>
            </Unit>
        </Units>
    </Team>
    <Team teamid="114" employees="3">
        <Units>
            <Unit unitid="d8417ac3-9fa6-4b98-9d66-544f1fcc28f1" registration="PVF1822">
                <Wingtips>true</Wingtips>
                <Windows>40</Windows>
                <seatconfig>
                    <seat compartment="eco" cover="fabric">
                        <amount>11</amount>
                        <tv>false</tv>
                    </seat>
                    <seat compartment="business" cover="fabric">
                        <amount>17</amount>
                        <tv>true</tv>
                    </seat>
                    <seat compartment="first" cover="leather">
                        <amount>4</amount>
                        <tv>true</tv>
                    </seat>
                    <brand>Recaro</brand>
                </seatconfig>
            </Unit>
            <Unit unitid="fa122dc3-e7fd-42d9-bec7-973aedd34a3f" registration="IDP5287">
                <Wingtips>true</Wingtips>
                <Windows>40</Windows>
                <seatconfig>
                    <seat compartment="eco" cover="fabric">
                        <amount>49</amount>
                        <tv>false</tv>
                    </seat>
                    <seat compartment="business" cover="fabric">
                        <amount>13</amount>
                        <tv>true</tv>
                    </seat>
                    <seat compartment="first" cover="leather">
                        <amount>2</amount>
                        <tv>true</tv>
                    </seat>
                    <brand>Recaro</brand>
                </seatconfig>
            </Unit>
        </Units>
    </Team>
    <Team teamid="433" employees="3">
        <Units>
            <Unit unitid="56e24774-72a0-47b0-a555-86f9e0576294" registration="JPA3720">
                <Wingtips>true</Wingtips>
                <Windows>108</Windows>
                <seatconfig>
                    <seat compartment="eco" cover="fabric">
                        <amount>46</amount>
                        <tv>false</tv>
                    </seat>
                    <seat compartment="business" cover="fabric">
                        <amount>17</amount>
                        <tv>true</tv>
                    </seat>
                    <seat compartment="first" cover="leather">
                        <amount>6</amount>
                        <tv>true</tv>
                    </seat>
                    <brand>Recaro</brand>
                </seatconfig>
            </Unit>
        </Units>
    </Team>
    <Team teamid="583" employees="3">
        <Units>
            <Unit unitid="c3dac360-da6e-464b-b597-7d1104325d59" registration="XHW2271">
                <Wingtips>true</Wingtips>
                <Windows>103</Windows>
                <seatconfig>
                    <seat compartment="eco" cover="fabric">
                        <amount>21</amount>
                        <tv>false</tv>
                    </seat>
                    <seat compartment="business" cover="fabric">
                        <amount>11</amount>
                        <tv>true</tv>
                    </seat>
                    <seat compartment="first" cover="leather">
                        <amount>3</amount>
                        <tv>true</tv>
                    </seat>
                    <brand>Recaro</brand>
                </seatconfig>
            </Unit>
            <Unit unitid="a7349241-1b56-40b7-a807-2cdebce67708" registration="ZHE5869">
                <Wingtips>true</Wingtips>
                <Windows>103</Windows>
                <seatconfig>
                    <seat compartment="eco" cover="fabric">
                        <amount>74</amount>
                        <tv>false</tv>
                    </seat>
                    <seat compartment="business" cover="fabric">
                        <amount>18</amount>
                        <tv>true</tv>
                    </seat>
                    <seat compartment="first" cover="leather">
                        <amount>7</amount>
                        <tv>true</tv>
                    </seat>
                    <brand>Recaro</brand>
                </seatconfig>
            </Unit>
        </Units>
    </Team>
    <Team teamid="532" employees="3">
        <Units>
            <Unit unitid="a6aa2d23-afaf-4e14-94ef-dc7d305e77f0" registration="XUF6232">
                <Wingtips>true</Wingtips>
                <Windows>114</Windows>
                <seatconfig>
                    <seat compartment="eco" cover="fabric">
                        <amount>45</amount>
                        <tv>false</tv>
                    </seat>
                    <seat compartment="business" cover="fabric">
                        <amount>23</amount>
                        <tv>true</tv>
                    </seat>
                    <seat compartment="first" cover="leather">
                        <amount>6</amount>
                        <tv>true</tv>
                    </seat>
                    <brand>Recaro</brand>
                </seatconfig>
            </Unit>
            <Unit unitid="524ac372-8761-4a15-8d5e-dff5dd7ecec0" registration="KWW1369">
                <Wingtips>true</Wingtips>
                <Windows>114</Windows>
                <seatconfig>
                    <seat compartment="eco" cover="fabric">
                        <amount>10</amount>
                        <tv>false</tv>
                    </seat>
                    <seat compartment="business" cover="fabric">
                        <amount>20</amount>
                        <tv>true</tv>
                    </seat>
                    <seat compartment="first" cover="leather">
                        <amount>7</amount>
                        <tv>true</tv>
                    </seat>
                    <brand>Recaro</brand>
                </seatconfig>
            </Unit>
        </Units>
    </Team>
    <Team teamid="771" employees="3">
        <Units>
            <Unit unitid="099822ef-09f1-489b-a3d0-3aa90e81932c" registration="JRP1017">
                <Wingtips>true</Wingtips>
                <Windows>17</Windows>
                <seatconfig>
                    <seat compartment="eco" cover="fabric">
                        <amount>63</amount>
                        <tv>false</tv>
                    </seat>
                    <seat compartment="business" cover="fabric">
                        <amount>24</amount>
                        <tv>true</tv>
                    </seat>
                    <seat compartment="first" cover="leather">
                        <amount>5</amount>
                        <tv>true</tv>
                    </seat>
                    <brand>Recaro</brand>
                </seatconfig>
            </Unit>
        </Units>
    </Team>
    <Team teamid="18" employees="3">
        <Units>
            <Unit unitid="ccd1f00e-3a2a-4a6d-bb24-a4a4dd77f100" registration="BXO4442">
                <Wingtips>true</Wingtips>
                <Windows>79</Windows>
                <seatconfig>
                    <seat compartment="eco" cover="fabric">
                        <amount>75</amount>
                        <tv>false</tv>
                    </seat>
                    <seat compartment="business" cover="fabric">
                        <amount>15</amount>
                        <tv>true</tv>
                    </seat>
                    <seat compartment="first" cover="leather">
                        <amount>6</amount>
                        <tv>true</tv>
                    </seat>
                    <brand>Recaro</brand>
                </seatconfig>
            </Unit>
            <Unit unitid="773a4896-fd48-44f6-8bc8-25e3638b2730" registration="ESJ6520">
                <Wingtips>true</Wingtips>
                <Windows>79</Windows>
                <seatconfig>
                    <seat compartment="eco" cover="fabric">
                        <amount>68</amount>
                        <tv>false</tv>
                    </seat>
                    <seat compartment="business" cover="fabric">
                        <amount>27</amount>
                        <tv>true</tv>
                    </seat>
                    <seat compartment="first" cover="leather">
                        <amount>4</amount>
                        <tv>true</tv>
                    </seat>
                    <brand>Recaro</brand>
                </seatconfig>
            </Unit>
        </Units>
    </Team>
    <Team teamid="254" employees="3">
        <Units>
            <Unit unitid="0a9a97aa-4d1a-48f3-9584-80dceb45658d" registration="JZG8646">
                <Wingtips>true</Wingtips>
                <Windows>109</Windows>
                <seatconfig>
                    <seat compartment="eco" cover="fabric">
                        <amount>13</amount>
                        <tv>false</tv>
                    </seat>
                    <seat compartment="business" cover="fabric">
                        <amount>13</amount>
                        <tv>true</tv>
                    </seat>
                    <seat compartment="first" cover="leather">
                        <amount>7</amount>
                        <tv>true</tv>
                    </seat>
                    <brand>Recaro</brand>
                </seatconfig>
            </Unit>
            <Unit unitid="63af7c38-590f-433d-b4cc-872bf1be9fdc" registration="IQR4580">
                <Wingtips>true</Wingtips>
                <Windows>109</Windows>
                <seatconfig>
                    <seat compartment="eco" cover="fabric">
                        <amount>17</amount>
                        <tv>false</tv>
                    </seat>
                    <seat compartment="business" cover="fabric">
                        <amount>9</amount>
                        <tv>true</tv>
                    </seat>
                    <seat compartment="first" cover="leather">
                        <amount>3</amount>
                        <tv>true</tv>
                    </seat>
                    <brand>Recaro</brand>
                </seatconfig>
            </Unit>
        </Units>
    </Team>
    <Team teamid="299" employees="3">
        <Units>
            <Unit unitid="5add2129-2669-4ff4-aefa-a371e72aebb1" registration="HLV3877">
                <Wingtips>false</Wingtips>
                <Windows>38</Windows>
                <seatconfig>
                    <seat compartment="eco" cover="fabric">
                        <amount>27</amount>
                        <tv>false</tv>
                    </seat>
                    <seat compartment="business" cover="fabric">
                        <amount>28</amount>
                        <tv>true</tv>
                    </seat>
                    <seat compartment="first" cover="leather">
                        <amount>4</amount>
                        <tv>true</tv>
                    </seat>
                    <brand>Recaro</brand>
                </seatconfig>
            </Unit>
            <Unit unitid="2a49a971-3da8-426d-9898-11e1a3baccdf" registration="ZNM9483">
                <Wingtips>false</Wingtips>
                <Windows>38</Windows>
                <seatconfig>
                    <seat compartment="eco" cover="fabric">
                        <amount>61</amount>
                        <tv>false</tv>
                    </seat>
                    <seat compartment="business" cover="fabric">
                        <amount>9</amount>
                        <tv>true</tv>
                    </seat>
                    <seat compartment="first" cover="leather">
                        <amount>6</amount>
                        <tv>true</tv>
                    </seat>
                    <brand>Recaro</brand>
                </seatconfig>
            </Unit>
            <Unit unitid="c4eb064f-3641-48e9-ad1c-ea13c73a7d91" registration="FHH2020">
                <Wingtips>false</Wingtips>
                <Windows>38</Windows>
                <seatconfig>
                    <seat compartment="eco" cover="fabric">
                        <amount>76</amount>
                        <tv>false</tv>
                    </seat>
                    <seat compartment="business" cover="fabric">
                        <amount>29</amount>
                        <tv>true</tv>
                    </seat>
                    <seat compartment="first" cover="leather">
                        <amount>4</amount>
                        <tv>true</tv>
                    </seat>
                    <brand>Recaro</brand>
                </seatconfig>
            </Unit>
        </Units>
    </Team>
    <Team teamid="622" employees="3">
        <Units>
            <Unit unitid="81c208d0-732e-421a-abf8-9f4641375a5d" registration="SRX7137">
                <Wingtips>true</Wingtips>
                <Windows>47</Windows>
                <seatconfig>
                    <seat compartment="eco" cover="fabric">
                        <amount>28</amount>
                        <tv>false</tv>
                    </seat>
                    <seat compartment="business" cover="fabric">
                        <amount>13</amount>
                        <tv>true</tv>
                    </seat>
                    <seat compartment="first" cover="leather">
                        <amount>5</amount>
                        <tv>true</tv>
                    </seat>
                    <brand>Recaro</brand>
                </seatconfig>
            </Unit>
            <Unit unitid="8bd52698-400a-4ef8-852c-117838bd9c9c" registration="OQT8287">
                <Wingtips>true</Wingtips>
                <Windows>47</Windows>
                <seatconfig>
                    <seat compartment="eco" cover="fabric">
                        <amount>16</amount>
                        <tv>false</tv>
                    </seat>
                    <seat compartment="business" cover="fabric">
                        <amount>18</amount>
                        <tv>true</tv>
                    </seat>
                    <seat compartment="first" cover="leather">
                        <amount>2</amount>
                        <tv>true</tv>
                    </seat>
                    <brand>Recaro</brand>
                </seatconfig>
            </Unit>
            <Unit unitid="417d7f6e-aa3e-46a4-bc83-b10e214d16c8" registration="OZA8494">
                <Wingtips>true</Wingtips>
                <Windows>47</Windows>
                <seatconfig>
                    <seat compartment="eco" cover="fabric">
                        <amount>50</amount>
                        <tv>false</tv>
                    </seat>
                    <seat compartment="business" cover="fabric">
                        <amount>15</amount>
                        <tv>true</tv>
                    </seat>
                    <seat compartment="first" cover="leather">
                        <amount>4</amount>
                        <tv>true</tv>
                    </seat>
                    <brand>Recaro</brand>
                </seatconfig>
            </Unit>
        </Units>
    </Team>
    <Team teamid="388" employees="3">
        <Units>
            <Unit unitid="3bf81bd6-e3b0-4de4-aabb-6bbc225f5ce2" registration="OWC3592">
                <Wingtips>true</Wingtips>
                <Windows>16</Windows>
                <seatconfig>
                    <seat compartment="eco" cover="fabric">
                        <amount>25</amount>
                        <tv>false</tv>
                    </seat>
                    <seat compartment="business" cover="fabric">
                        <amount>26</amount>
                        <tv>true</tv>
                    </seat>
                    <seat compartment="first" cover="leather">
                        <amount>4</amount>
                        <tv>true</tv>
                    </seat>
                    <brand>Recaro</brand>
                </seatconfig>
            </Unit>
        </Units>
    </Team>
    <Team teamid="299" employees="3">
        <Units>
            <Unit unitid="5add2129-2669-4ff4-aefa-a371e72aebb1" registration="HLV3877">
                <Wingtips>true</Wingtips>
                <Windows>24</Windows>
                <seatconfig>
                    <seat compartment="eco" cover="fabric">
                        <amount>27</amount>
                        <tv>false</tv>
                    </seat>
                    <seat compartment="business" cover="fabric">
                        <amount>28</amount>
                        <tv>true</tv>
                    </seat>
                    <seat compartment="first" cover="leather">
                        <amount>4</amount>
                        <tv>true</tv>
                    </seat>
                    <brand>Recaro</brand>
                </seatconfig>
            </Unit>
            <Unit unitid="2a49a971-3da8-426d-9898-11e1a3baccdf" registration="ZNM9483">
                <Wingtips>true</Wingtips>
                <Windows>24</Windows>
                <seatconfig>
                    <seat compartment="eco" cover="fabric">
                        <amount>61</amount>
                        <tv>false</tv>
                    </seat>
                    <seat compartment="business" cover="fabric">
                        <amount>9</amount>
                        <tv>true</tv>
                    </seat>
                    <seat compartment="first" cover="leather">
                        <amount>6</amount>
                        <tv>true</tv>
                    </seat>
                    <brand>Recaro</brand>
                </seatconfig>
            </Unit>
            <Unit unitid="c4eb064f-3641-48e9-ad1c-ea13c73a7d91" registration="FHH2020">
                <Wingtips>true</Wingtips>
                <Windows>24</Windows>
                <seatconfig>
                    <seat compartment="eco" cover="fabric">
                        <amount>76</amount>
                        <tv>false</tv>
                    </seat>
                    <seat compartment="business" cover="fabric">
                        <amount>29</amount>
                        <tv>true</tv>
                    </seat>
                    <seat compartment="first" cover="leather">
                        <amount>4</amount>
                        <tv>true</tv>
                    </seat>
                    <brand>Recaro</brand>
                </seatconfig>
            </Unit>
        </Units>
    </Team>
    <Team teamid="713" employees="3">
        <Units>
            <Unit unitid="771ee136-b84a-4222-9a9b-5fdd3e2c5b29" registration="BCN6708">
                <Wingtips>true</Wingtips>
                <Windows>73</Windows>
                <seatconfig>
                    <seat compartment="eco" cover="fabric">
                        <amount>23</amount>
                        <tv>false</tv>
                    </seat>
                    <seat compartment="business" cover="fabric">
                        <amount>17</amount>
                        <tv>true</tv>
                    </seat>
                    <seat compartment="first" cover="leather">
                        <amount>6</amount>
                        <tv>true</tv>
                    </seat>
                    <brand>Recaro</brand>
                </seatconfig>
            </Unit>
        </Units>
    </Team>
</Teams>