<?xml version="1.0" standalone="yes"?>
<Teams>
    <Team teamid="609" employees="3">
        <ISO_Code>IT</ISO_Code>
        <HourlyRate>199.61</HourlyRate>
        <Units>
            <Unit unitid="1ff5cb55-ff0e-47a2-8e44-c9a40bdb90dc" registration="WEQ5188">
                <Wingtips>true</Wingtips>
                <Windows>57</Windows>
                <seatconfig>
                    <seat compartment="eco" cover="fabric">
                        <amount>61</amount>
                        <tv>false</tv>
                    </seat>
                    <seat compartment="business" cover="fabric">
                        <amount>25</amount>
                        <tv>true</tv>
                    </seat>
                    <seat compartment="first" cover="leather">
                        <amount>3</amount>
                        <tv>true</tv>
                    </seat>
                    <brand>Recaro</brand>
                </seatconfig>
            </Unit>
        </Units>
    </Team>
    <Team teamid="36" employees="3">
        <ISO_Code>IS</ISO_Code>
        <HourlyRate>68</HourlyRate>
        <Units>
            <Unit unitid="c7dfc8da-2097-48aa-aca4-5caa470b4f60" registration="LSX8073">
                <Wingtips>true</Wingtips>
                <Windows>50</Windows>
                <seatconfig>
                    <seat compartment="eco" cover="fabric">
                        <amount>44</amount>
                        <tv>false</tv>
                    </seat>
                    <seat compartment="business" cover="fabric">
                        <amount>26</amount>
                        <tv>true</tv>
                    </seat>
                    <seat compartment="first" cover="leather">
                        <amount>4</amount>
                        <tv>true</tv>
                    </seat>
                    <brand>Recaro</brand>
                </seatconfig>
            </Unit>
        </Units>
    </Team>
    <Team teamid="535" employees="3">
        <ISO_Code>KG</ISO_Code>
        <HourlyRate>208.06</HourlyRate>
        <Units>
            <Unit unitid="2ae98fa6-0c94-44c5-a83e-12f353e2f656" registration="BQY5463">
                <Wingtips>true</Wingtips>
                <Windows>40</Windows>
                <seatconfig>
                    <seat compartment="eco" cover="fabric">
                        <amount>67</amount>
                        <tv>false</tv>
                    </seat>
                    <seat compartment="business" cover="fabric">
                        <amount>9</amount>
                        <tv>true</tv>
                    </seat>
                    <seat compartment="first" cover="leather">
                        <amount>7</amount>
                        <tv>true</tv>
                    </seat>
                    <brand>Recaro</brand>
                </seatconfig>
            </Unit>
        </Units>
    </Team>
    <Team teamid="720" employees="3">
        <ISO_Code>TN</ISO_Code>
        <HourlyRate>187.63</HourlyRate>
        <Units>
            <Unit unitid="8316100a-8948-4d21-b01e-0d1cc37cb27e" registration="UQO2689">
                <Wingtips>true</Wingtips>
                <Windows>51</Windows>
                <seatconfig>
                    <seat compartment="eco" cover="fabric">
                        <amount>28</amount>
                        <tv>false</tv>
                    </seat>
                    <seat compartment="business" cover="fabric">
                        <amount>15</amount>
                        <tv>true</tv>
                    </seat>
                    <seat compartment="first" cover="leather">
                        <amount>7</amount>
                        <tv>true</tv>
                    </seat>
                    <brand>Recaro</brand>
                </seatconfig>
            </Unit>
            <Unit unitid="64fdfedf-6d18-4de9-a4b2-e3e4ac6d6e7c" registration="PKX0826">
                <Wingtips>true</Wingtips>
                <Windows>40</Windows>
                <seatconfig>
                    <seat compartment="eco" cover="fabric">
                        <amount>54</amount>
                        <tv>false</tv>
                    </seat>
                    <seat compartment="business" cover="fabric">
                        <amount>12</amount>
                        <tv>true</tv>
                    </seat>
                    <seat compartment="first" cover="leather">
                        <amount>6</amount>
                        <tv>true</tv>
                    </seat>
                    <brand>Recaro</brand>
                </seatconfig>
            </Unit>
        </Units>
    </Team>
    <Team teamid="79" employees="3">
        <ISO_Code>IS</ISO_Code>
        <HourlyRate>168.69</HourlyRate>
        <Units>
            <Unit unitid="326194b9-c262-4a08-99a1-ba5b1ffcc854" registration="TCZ2072">
                <Wingtips>true</Wingtips>
                <Windows>80</Windows>
                <seatconfig>
                    <seat compartment="eco" cover="fabric">
                        <amount>26</amount>
                        <tv>false</tv>
                    </seat>
                    <seat compartment="business" cover="fabric">
                        <amount>28</amount>
                        <tv>true</tv>
                    </seat>
                    <seat compartment="first" cover="leather">
                        <amount>4</amount>
                        <tv>true</tv>
                    </seat>
                    <brand>Recaro</brand>
                </seatconfig>
            </Unit>
            <Unit unitid="df4f0f27-a7ee-4a5f-b7a3-fec095fbec21" registration="MZM1839">
                <Wingtips>true</Wingtips>
                <Windows>71</Windows>
                <seatconfig>
                    <seat compartment="eco" cover="fabric">
                        <amount>51</amount>
                        <tv>false</tv>
                    </seat>
                    <seat compartment="business" cover="fabric">
                        <amount>28</amount>
                        <tv>true</tv>
                    </seat>
                    <seat compartment="first" cover="leather">
                        <amount>7</amount>
                        <tv>true</tv>
                    </seat>
                    <brand>Recaro</brand>
                </seatconfig>
            </Unit>
        </Units>
    </Team>
    <Team teamid="647" employees="3">
        <ISO_Code>BS</ISO_Code>
        <HourlyRate>165.94</HourlyRate>
        <Units>
            <Unit unitid="19e9716d-854f-486f-b48e-fdd952935576" registration="BBA9904">
                <Wingtips>true</Wingtips>
                <Windows>53</Windows>
                <seatconfig>
                    <seat compartment="eco" cover="fabric">
                        <amount>57</amount>
                        <tv>false</tv>
                    </seat>
                    <seat compartment="business" cover="fabric">
                        <amount>14</amount>
                        <tv>true</tv>
                    </seat>
                    <seat compartment="first" cover="leather">
                        <amount>7</amount>
                        <tv>true</tv>
                    </seat>
                    <brand>Recaro</brand>
                </seatconfig>
            </Unit>
        </Units>
    </Team>
    <Team teamid="273" employees="3">
        <ISO_Code>DK</ISO_Code>
        <HourlyRate>240.77</HourlyRate>
        <Units>
            <Unit unitid="90aa1cd7-6423-4093-846e-08a4a7467933" registration="ZJJ4722">
                <Wingtips>true</Wingtips>
                <Windows>43</Windows>
                <seatconfig>
                    <seat compartment="eco" cover="fabric">
                        <amount>16</amount>
                        <tv>false</tv>
                    </seat>
                    <seat compartment="business" cover="fabric">
                        <amount>19</amount>
                        <tv>true</tv>
                    </seat>
                    <seat compartment="first" cover="leather">
                        <amount>3</amount>
                        <tv>true</tv>
                    </seat>
                    <brand>Recaro</brand>
                </seatconfig>
            </Unit>
        </Units>
    </Team>
    <Team teamid="285" employees="3">
        <ISO_Code>CG</ISO_Code>
        <HourlyRate>120.6</HourlyRate>
        <Units>
            <Unit unitid="249307dc-7ea3-4097-8a31-96a15806d9ca" registration="DDQ5280">
                <Wingtips>true</Wingtips>
                <Windows>85</Windows>
                <seatconfig>
                    <seat compartment="eco" cover="fabric">
                        <amount>76</amount>
                        <tv>false</tv>
                    </seat>
                    <seat compartment="business" cover="fabric">
                        <amount>29</amount>
                        <tv>true</tv>
                    </seat>
                    <seat compartment="first" cover="leather">
                        <amount>6</amount>
                        <tv>true</tv>
                    </seat>
                    <brand>Recaro</brand>
                </seatconfig>
            </Unit>
            <Unit unitid="fc077277-254d-4c09-a734-7090d634eee2" registration="XQI5219">
                <Wingtips>true</Wingtips>
                <Windows>28</Windows>
                <seatconfig>
                    <seat compartment="eco" cover="fabric">
                        <amount>29</amount>
                        <tv>false</tv>
                    </seat>
                    <seat compartment="business" cover="fabric">
                        <amount>28</amount>
                        <tv>true</tv>
                    </seat>
                    <seat compartment="first" cover="leather">
                        <amount>2</amount>
                        <tv>true</tv>
                    </seat>
                    <brand>Recaro</brand>
                </seatconfig>
            </Unit>
            <Unit unitid="c81b3f9a-bbb2-4509-b5b4-dd73117e61f3" registration="UQO2689">
                <Wingtips>true</Wingtips>
                <Windows>51</Windows>
                <seatconfig>
                    <seat compartment="eco" cover="fabric">
                        <amount>28</amount>
                        <tv>false</tv>
                    </seat>
                    <seat compartment="business" cover="fabric">
                        <amount>15</amount>
                        <tv>true</tv>
                    </seat>
                    <seat compartment="first" cover="leather">
                        <amount>7</amount>
                        <tv>true</tv>
                    </seat>
                    <brand>Recaro</brand>
                </seatconfig>
            </Unit>
            <Unit unitid="095a14c5-cc7c-4ff7-8ab9-f58d43b21853" registration="UNF7334">
                <Wingtips>true</Wingtips>
                <Windows>12</Windows>
                <seatconfig>
                    <seat compartment="eco" cover="fabric">
                        <amount>49</amount>
                        <tv>false</tv>
                    </seat>
                    <seat compartment="business" cover="fabric">
                        <amount>17</amount>
                        <tv>true</tv>
                    </seat>
                    <seat compartment="first" cover="leather">
                        <amount>7</amount>
                        <tv>true</tv>
                    </seat>
                    <brand>Recaro</brand>
                </seatconfig>
            </Unit>
        </Units>
    </Team>
    <Team teamid="620" employees="3">
        <ISO_Code>LA</ISO_Code>
        <HourlyRate>152.21</HourlyRate>
        <Units>
            <Unit unitid="19615d47-16b0-430f-a1b4-b39dd134ca80" registration="ACN7816">
                <Wingtips>true</Wingtips>
                <Windows>43</Windows>
                <seatconfig>
                    <seat compartment="eco" cover="fabric">
                        <amount>43</amount>
                        <tv>false</tv>
                    </seat>
                    <seat compartment="business" cover="fabric">
                        <amount>13</amount>
                        <tv>true</tv>
                    </seat>
                    <seat compartment="first" cover="leather">
                        <amount>4</amount>
                        <tv>true</tv>
                    </seat>
                    <brand>Recaro</brand>
                </seatconfig>
            </Unit>
            <Unit unitid="d0336fd2-de4c-4262-bb08-a5db7b6e76c1" registration="HAN3678">
                <Wingtips>false</Wingtips>
                <Windows>54</Windows>
                <seatconfig>
                    <seat compartment="eco" cover="fabric">
                        <amount>44</amount>
                        <tv>false</tv>
                    </seat>
                    <seat compartment="business" cover="fabric">
                        <amount>20</amount>
                        <tv>true</tv>
                    </seat>
                    <seat compartment="first" cover="leather">
                        <amount>6</amount>
                        <tv>true</tv>
                    </seat>
                    <brand>Recaro</brand>
                </seatconfig>
            </Unit>
        </Units>
    </Team>
    <Team teamid="404" employees="3">
        <ISO_Code>GQ</ISO_Code>
        <HourlyRate>244.59</HourlyRate>
        <Units>
            <Unit unitid="bcc53a2b-ff76-47f4-b020-9a86bbdce5a1" registration="CVZ8641">
                <Wingtips>true</Wingtips>
                <Windows>91</Windows>
                <seatconfig>
                    <seat compartment="eco" cover="fabric">
                        <amount>47</amount>
                        <tv>false</tv>
                    </seat>
                    <seat compartment="business" cover="fabric">
                        <amount>19</amount>
                        <tv>true</tv>
                    </seat>
                    <seat compartment="first" cover="leather">
                        <amount>3</amount>
                        <tv>true</tv>
                    </seat>
                    <brand>Recaro</brand>
                </seatconfig>
            </Unit>
        </Units>
    </Team>
    <Team teamid="26" employees="3">
        <ISO_Code>FI</ISO_Code>
        <HourlyRate>149.98</HourlyRate>
        <Units>
            <Unit unitid="369d388f-5526-424f-801e-8ae7021154d2" registration="BKG7317">
                <Wingtips>true</Wingtips>
                <Windows>97</Windows>
                <seatconfig>
                    <seat compartment="eco" cover="fabric">
                        <amount>56</amount>
                        <tv>false</tv>
                    </seat>
                    <seat compartment="business" cover="fabric">
                        <amount>24</amount>
                        <tv>true</tv>
                    </seat>
                    <seat compartment="first" cover="leather">
                        <amount>6</amount>
                        <tv>true</tv>
                    </seat>
                    <brand>Recaro</brand>
                </seatconfig>
            </Unit>
        </Units>
    </Team>
    <Team teamid="759" employees="3">
        <ISO_Code>SA</ISO_Code>
        <HourlyRate>155.36</HourlyRate>
        <Units>
            <Unit unitid="e37dc4b3-6f3b-4327-8f88-422bc3ba7994" registration="GMG1231">
                <Wingtips>false</Wingtips>
                <Windows>106</Windows>
                <seatconfig>
                    <seat compartment="eco" cover="fabric">
                        <amount>43</amount>
                        <tv>false</tv>
                    </seat>
                    <seat compartment="business" cover="fabric">
                        <amount>26</amount>
                        <tv>true</tv>
                    </seat>
                    <seat compartment="first" cover="leather">
                        <amount>2</amount>
                        <tv>true</tv>
                    </seat>
                    <brand>Recaro</brand>
                </seatconfig>
            </Unit>
        </Units>
    </Team>
    <Team teamid="322" employees="3">
        <ISO_Code>BJ</ISO_Code>
        <HourlyRate>171.2</HourlyRate>
        <Units>
            <Unit unitid="d36668f5-0882-469b-81b9-adb263236b6a" registration="ZMV2712">
                <Wingtips>true</Wingtips>
                <Windows>95</Windows>
                <seatconfig>
                    <seat compartment="eco" cover="fabric">
                        <amount>34</amount>
                        <tv>false</tv>
                    </seat>
                    <seat compartment="business" cover="fabric">
                        <amount>16</amount>
                        <tv>true</tv>
                    </seat>
                    <seat compartment="first" cover="leather">
                        <amount>7</amount>
                        <tv>true</tv>
                    </seat>
                    <brand>Recaro</brand>
                </seatconfig>
            </Unit>
        </Units>
    </Team>
    <Team teamid="88" employees="3">
        <ISO_Code>TD</ISO_Code>
        <HourlyRate>153.47</HourlyRate>
        <Units>
            <Unit unitid="449b20df-8eb4-482a-b12c-990911420927" registration="TLX4680">
                <Wingtips>true</Wingtips>
                <Windows>87</Windows>
                <seatconfig>
                    <seat compartment="eco" cover="fabric">
                        <amount>44</amount>
                        <tv>false</tv>
                    </seat>
                    <seat compartment="business" cover="fabric">
                        <amount>14</amount>
                        <tv>true</tv>
                    </seat>
                    <seat compartment="first" cover="leather">
                        <amount>3</amount>
                        <tv>true</tv>
                    </seat>
                    <brand>Recaro</brand>
                </seatconfig>
            </Unit>
            <Unit unitid="6f2c0458-1324-4760-ac26-7b9a8cae1113" registration="HOF5942">
                <Wingtips>false</Wingtips>
                <Windows>52</Windows>
                <seatconfig>
                    <seat compartment="eco" cover="fabric">
                        <amount>53</amount>
                        <tv>false</tv>
                    </seat>
                    <seat compartment="business" cover="fabric">
                        <amount>13</amount>
                        <tv>true</tv>
                    </seat>
                    <seat compartment="first" cover="leather">
                        <amount>6</amount>
                        <tv>true</tv>
                    </seat>
                    <brand>Recaro</brand>
                </seatconfig>
            </Unit>
        </Units>
    </Team>
    <Team teamid="438" employees="3">
        <ISO_Code>LT</ISO_Code>
        <HourlyRate>164.87</HourlyRate>
        <Units>
            <Unit unitid="9ad5ce28-af61-4167-907f-a465102b915a" registration="PRI3007">
                <Wingtips>true</Wingtips>
                <Windows>24</Windows>
                <seatconfig>
                    <seat compartment="eco" cover="fabric">
                        <amount>29</amount>
                        <tv>false</tv>
                    </seat>
                    <seat compartment="business" cover="fabric">
                        <amount>20</amount>
                        <tv>true</tv>
                    </seat>
                    <seat compartment="first" cover="leather">
                        <amount>3</amount>
                        <tv>true</tv>
                    </seat>
                    <brand>Recaro</brand>
                </seatconfig>
            </Unit>
            <Unit unitid="971224a1-32d4-4518-b6bd-798841f37130" registration="BBA9904">
                <Wingtips>true</Wingtips>
                <Windows>53</Windows>
                <seatconfig>
                    <seat compartment="eco" cover="fabric">
                        <amount>57</amount>
                        <tv>false</tv>
                    </seat>
                    <seat compartment="business" cover="fabric">
                        <amount>14</amount>
                        <tv>true</tv>
                    </seat>
                    <seat compartment="first" cover="leather">
                        <amount>7</amount>
                        <tv>true</tv>
                    </seat>
                    <brand>Recaro</brand>
                </seatconfig>
            </Unit>
            <Unit unitid="cccb8c03-b381-43a0-a64a-b7476596ad6c" registration="FCW9612">
                <Wingtips>true</Wingtips>
                <Windows>31</Windows>
                <seatconfig>
                    <seat compartment="eco" cover="fabric">
                        <amount>68</amount>
                        <tv>false</tv>
                    </seat>
                    <seat compartment="business" cover="fabric">
                        <amount>14</amount>
                        <tv>true</tv>
                    </seat>
                    <seat compartment="first" cover="leather">
                        <amount>5</amount>
                        <tv>true</tv>
                    </seat>
                    <brand>Recaro</brand>
                </seatconfig>
            </Unit>
        </Units>
    </Team>
    <Team teamid="411" employees="3">
        <ISO_Code>IR</ISO_Code>
        <HourlyRate>129.27</HourlyRate>
        <Units>
            <Unit unitid="50f33ae6-0265-4277-821f-4e68e78fbf3e" registration="FEN6435">
                <Wingtips>true</Wingtips>
                <Windows>67</Windows>
                <seatconfig>
                    <seat compartment="eco" cover="fabric">
                        <amount>28</amount>
                        <tv>false</tv>
                    </seat>
                    <seat compartment="business" cover="fabric">
                        <amount>13</amount>
                        <tv>true</tv>
                    </seat>
                    <seat compartment="first" cover="leather">
                        <amount>5</amount>
                        <tv>true</tv>
                    </seat>
                    <brand>Recaro</brand>
                </seatconfig>
            </Unit>
            <Unit unitid="0c9b2806-72c4-4de1-8c19-26a2bc7f8744" registration="TGE1628">
                <Wingtips>true</Wingtips>
                <Windows>13</Windows>
                <seatconfig>
                    <seat compartment="eco" cover="fabric">
                        <amount>70</amount>
                        <tv>false</tv>
                    </seat>
                    <seat compartment="business" cover="fabric">
                        <amount>17</amount>
                        <tv>true</tv>
                    </seat>
                    <seat compartment="first" cover="leather">
                        <amount>3</amount>
                        <tv>true</tv>
                    </seat>
                    <brand>Recaro</brand>
                </seatconfig>
            </Unit>
        </Units>
    </Team>
    <Team teamid="401" employees="3">
        <ISO_Code>AR</ISO_Code>
        <HourlyRate>227.51</HourlyRate>
        <Units>
            <Unit unitid="028a2a69-41cd-4efe-8306-00908ea1596f" registration="JMA4862">
                <Wingtips>true</Wingtips>
                <Windows>80</Windows>
                <seatconfig>
                    <seat compartment="eco" cover="fabric">
                        <amount>50</amount>
                        <tv>false</tv>
                    </seat>
                    <seat compartment="business" cover="fabric">
                        <amount>22</amount>
                        <tv>true</tv>
                    </seat>
                    <seat compartment="first" cover="leather">
                        <amount>7</amount>
                        <tv>true</tv>
                    </seat>
                    <brand>Recaro</brand>
                </seatconfig>
            </Unit>
        </Units>
    </Team>
    <Team teamid="194" employees="3">
        <ISO_Code>CN</ISO_Code>
        <HourlyRate>227.58</HourlyRate>
        <Units>
            <Unit unitid="348aa10c-defb-4be8-86f2-6f73ed0c07ad" registration="VOR6462">
                <Wingtips>true</Wingtips>
                <Windows>80</Windows>
                <seatconfig>
                    <seat compartment="eco" cover="fabric">
                        <amount>15</amount>
                        <tv>false</tv>
                    </seat>
                    <seat compartment="business" cover="fabric">
                        <amount>12</amount>
                        <tv>true</tv>
                    </seat>
                    <seat compartment="first" cover="leather">
                        <amount>5</amount>
                        <tv>true</tv>
                    </seat>
                    <brand>Recaro</brand>
                </seatconfig>
            </Unit>
        </Units>
    </Team>
    <Team teamid="777" employees="3">
        <ISO_Code>NZ</ISO_Code>
        <HourlyRate>123.26</HourlyRate>
        <Units>
            <Unit unitid="532ab8ab-8849-4869-b164-175d54f03e52" registration="BVK3060">
                <Wingtips>true</Wingtips>
                <Windows>10</Windows>
                <seatconfig>
                    <seat compartment="eco" cover="fabric">
                        <amount>42</amount>
                        <tv>false</tv>
                    </seat>
                    <seat compartment="business" cover="fabric">
                        <amount>13</amount>
                        <tv>true</tv>
                    </seat>
                    <seat compartment="first" cover="leather">
                        <amount>2</amount>
                        <tv>true</tv>
                    </seat>
                    <brand>Recaro</brand>
                </seatconfig>
            </Unit>
            <Unit unitid="134cb00f-b77e-49ce-9055-288a70378341" registration="ATG3127">
                <Wingtips>true</Wingtips>
                <Windows>99</Windows>
                <seatconfig>
                    <seat compartment="eco" cover="fabric">
                        <amount>43</amount>
                        <tv>false</tv>
                    </seat>
                    <seat compartment="business" cover="fabric">
                        <amount>10</amount>
                        <tv>true</tv>
                    </seat>
                    <seat compartment="first" cover="leather">
                        <amount>4</amount>
                        <tv>true</tv>
                    </seat>
                    <brand>Recaro</brand>
                </seatconfig>
            </Unit>
            <Unit unitid="76fd964f-bbca-406b-be24-5da83a7fa9f5" registration="XHP8196">
                <Wingtips>true</Wingtips>
                <Windows>54</Windows>
                <seatconfig>
                    <seat compartment="eco" cover="fabric">
                        <amount>10</amount>
                        <tv>false</tv>
                    </seat>
                    <seat compartment="business" cover="fabric">
                        <amount>23</amount>
                        <tv>true</tv>
                    </seat>
                    <seat compartment="first" cover="leather">
                        <amount>4</amount>
                        <tv>true</tv>
                    </seat>
                    <brand>Recaro</brand>
                </seatconfig>
            </Unit>
        </Units>
    </Team>
    <Team teamid="334" employees="3">
        <ISO_Code>EE</ISO_Code>
        <HourlyRate>159.27</HourlyRate>
        <Units>
            <Unit unitid="c8fdc044-8439-408b-84c2-58b874487014" registration="LWG9444">
                <Wingtips>false</Wingtips>
                <Windows>107</Windows>
                <seatconfig>
                    <seat compartment="eco" cover="fabric">
                        <amount>31</amount>
                        <tv>false</tv>
                    </seat>
                    <seat compartment="business" cover="fabric">
                        <amount>28</amount>
                        <tv>true</tv>
                    </seat>
                    <seat compartment="first" cover="leather">
                        <amount>3</amount>
                        <tv>true</tv>
                    </seat>
                    <brand>Recaro</brand>
                </seatconfig>
            </Unit>
        </Units>
    </Team>
    <Team teamid="548" employees="3">
        <ISO_Code>FM</ISO_Code>
        <HourlyRate>94.28</HourlyRate>
        <Units>
            <Unit unitid="cc128508-2049-456f-ac81-4d1ef10682ad" registration="AMD3356">
                <Wingtips>true</Wingtips>
                <Windows>29</Windows>
                <seatconfig>
                    <seat compartment="eco" cover="fabric">
                        <amount>12</amount>
                        <tv>false</tv>
                    </seat>
                    <seat compartment="business" cover="fabric">
                        <amount>9</amount>
                        <tv>true</tv>
                    </seat>
                    <seat compartment="first" cover="leather">
                        <amount>6</amount>
                        <tv>true</tv>
                    </seat>
                    <brand>Recaro</brand>
                </seatconfig>
            </Unit>
        </Units>
    </Team>
    <Team teamid="88" employees="3">
        <ISO_Code>TD</ISO_Code>
        <HourlyRate>153.47</HourlyRate>
        <Units>
            <Unit unitid="449b20df-8eb4-482a-b12c-990911420927" registration="TLX4680">
                <Wingtips>true</Wingtips>
                <Windows>87</Windows>
                <seatconfig>
                    <seat compartment="eco" cover="fabric">
                        <amount>44</amount>
                        <tv>false</tv>
                    </seat>
                    <seat compartment="business" cover="fabric">
                        <amount>14</amount>
                        <tv>true</tv>
                    </seat>
                    <seat compartment="first" cover="leather">
                        <amount>3</amount>
                        <tv>true</tv>
                    </seat>
                    <brand>Recaro</brand>
                </seatconfig>
            </Unit>
            <Unit unitid="6f2c0458-1324-4760-ac26-7b9a8cae1113" registration="HOF5942">
                <Wingtips>false</Wingtips>
                <Windows>52</Windows>
                <seatconfig>
                    <seat compartment="eco" cover="fabric">
                        <amount>53</amount>
                        <tv>false</tv>
                    </seat>
                    <seat compartment="business" cover="fabric">
                        <amount>13</amount>
                        <tv>true</tv>
                    </seat>
                    <seat compartment="first" cover="leather">
                        <amount>6</amount>
                        <tv>true</tv>
                    </seat>
                    <brand>Recaro</brand>
                </seatconfig>
            </Unit>
        </Units>
    </Team>
    <Team teamid="611" employees="3">
        <ISO_Code>YE</ISO_Code>
        <HourlyRate>193.63</HourlyRate>
        <Units>
            <Unit unitid="ce0c61de-6729-42c3-84c1-64212fff0841" registration="GAG1420">
                <Wingtips>true</Wingtips>
                <Windows>85</Windows>
                <seatconfig>
                    <seat compartment="eco" cover="fabric">
                        <amount>14</amount>
                        <tv>false</tv>
                    </seat>
                    <seat compartment="business" cover="fabric">
                        <amount>8</amount>
                        <tv>true</tv>
                    </seat>
                    <seat compartment="first" cover="leather">
                        <amount>3</amount>
                        <tv>true</tv>
                    </seat>
                    <brand>Recaro</brand>
                </seatconfig>
            </Unit>
            <Unit unitid="67fbb447-2602-4478-8313-826096b480be" registration="NXO7034">
                <Wingtips>true</Wingtips>
                <Windows>74</Windows>
                <seatconfig>
                    <seat compartment="eco" cover="fabric">
                        <amount>21</amount>
                        <tv>false</tv>
                    </seat>
                    <seat compartment="business" cover="fabric">
                        <amount>13</amount>
                        <tv>true</tv>
                    </seat>
                    <seat compartment="first" cover="leather">
                        <amount>3</amount>
                        <tv>true</tv>
                    </seat>
                    <brand>Recaro</brand>
                </seatconfig>
            </Unit>
            <Unit unitid="ab563365-d580-4409-be75-1dc823962c27" registration="FEB5989">
                <Wingtips>true</Wingtips>
                <Windows>36</Windows>
                <seatconfig>
                    <seat compartment="eco" cover="fabric">
                        <amount>42</amount>
                        <tv>false</tv>
                    </seat>
                    <seat compartment="business" cover="fabric">
                        <amount>28</amount>
                        <tv>true</tv>
                    </seat>
                    <seat compartment="first" cover="leather">
                        <amount>3</amount>
                        <tv>true</tv>
                    </seat>
                    <brand>Recaro</brand>
                </seatconfig>
            </Unit>
            <Unit unitid="f356e9cf-5c6f-4b42-b25d-331cea743a40" registration="FWM4532">
                <Wingtips>false</Wingtips>
                <Windows>55</Windows>
                <seatconfig>
                    <seat compartment="eco" cover="fabric">
                        <amount>47</amount>
                        <tv>false</tv>
                    </seat>
                    <seat compartment="business" cover="fabric">
                        <amount>10</amount>
                        <tv>true</tv>
                    </seat>
                    <seat compartment="first" cover="leather">
                        <amount>3</amount>
                        <tv>true</tv>
                    </seat>
                    <brand>Recaro</brand>
                </seatconfig>
            </Unit>
        </Units>
    </Team>
    <Team teamid="285" employees="3">
        <ISO_Code>CG</ISO_Code>
        <HourlyRate>120.6</HourlyRate>
        <Units>
            <Unit unitid="249307dc-7ea3-4097-8a31-96a15806d9ca" registration="DDQ5280">
                <Wingtips>true</Wingtips>
                <Windows>85</Windows>
                <seatconfig>
                    <seat compartment="eco" cover="fabric">
                        <amount>76</amount>
                        <tv>false</tv>
                    </seat>
                    <seat compartment="business" cover="fabric">
                        <amount>29</amount>
                        <tv>true</tv>
                    </seat>
                    <seat compartment="first" cover="leather">
                        <amount>6</amount>
                        <tv>true</tv>
                    </seat>
                    <brand>Recaro</brand>
                </seatconfig>
            </Unit>
            <Unit unitid="fc077277-254d-4c09-a734-7090d634eee2" registration="XQI5219">
                <Wingtips>true</Wingtips>
                <Windows>28</Windows>
                <seatconfig>
                    <seat compartment="eco" cover="fabric">
                        <amount>29</amount>
                        <tv>false</tv>
                    </seat>
                    <seat compartment="business" cover="fabric">
                        <amount>28</amount>
                        <tv>true</tv>
                    </seat>
                    <seat compartment="first" cover="leather">
                        <amount>2</amount>
                        <tv>true</tv>
                    </seat>
                    <brand>Recaro</brand>
                </seatconfig>
            </Unit>
            <Unit unitid="c81b3f9a-bbb2-4509-b5b4-dd73117e61f3" registration="UQO2689">
                <Wingtips>true</Wingtips>
                <Windows>51</Windows>
                <seatconfig>
                    <seat compartment="eco" cover="fabric">
                        <amount>28</amount>
                        <tv>false</tv>
                    </seat>
                    <seat compartment="business" cover="fabric">
                        <amount>15</amount>
                        <tv>true</tv>
                    </seat>
                    <seat compartment="first" cover="leather">
                        <amount>7</amount>
                        <tv>true</tv>
                    </seat>
                    <brand>Recaro</brand>
                </seatconfig>
            </Unit>
            <Unit unitid="095a14c5-cc7c-4ff7-8ab9-f58d43b21853" registration="UNF7334">
                <Wingtips>true</Wingtips>
                <Windows>12</Windows>
                <seatconfig>
                    <seat compartment="eco" cover="fabric">
                        <amount>49</amount>
                        <tv>false</tv>
                    </seat>
                    <seat compartment="business" cover="fabric">
                        <amount>17</amount>
                        <tv>true</tv>
                    </seat>
                    <seat compartment="first" cover="leather">
                        <amount>7</amount>
                        <tv>true</tv>
                    </seat>
                    <brand>Recaro</brand>
                </seatconfig>
            </Unit>
        </Units>
    </Team>
    <Team teamid="777" employees="3">
        <ISO_Code>NZ</ISO_Code>
        <HourlyRate>123.26</HourlyRate>
        <Units>
            <Unit unitid="532ab8ab-8849-4869-b164-175d54f03e52" registration="BVK3060">
                <Wingtips>true</Wingtips>
                <Windows>10</Windows>
                <seatconfig>
                    <seat compartment="eco" cover="fabric">
                        <amount>42</amount>
                        <tv>false</tv>
                    </seat>
                    <seat compartment="business" cover="fabric">
                        <amount>13</amount>
                        <tv>true</tv>
                    </seat>
                    <seat compartment="first" cover="leather">
                        <amount>2</amount>
                        <tv>true</tv>
                    </seat>
                    <brand>Recaro</brand>
                </seatconfig>
            </Unit>
            <Unit unitid="134cb00f-b77e-49ce-9055-288a70378341" registration="ATG3127">
                <Wingtips>true</Wingtips>
                <Windows>99</Windows>
                <seatconfig>
                    <seat compartment="eco" cover="fabric">
                        <amount>43</amount>
                        <tv>false</tv>
                    </seat>
                    <seat compartment="business" cover="fabric">
                        <amount>10</amount>
                        <tv>true</tv>
                    </seat>
                    <seat compartment="first" cover="leather">
                        <amount>4</amount>
                        <tv>true</tv>
                    </seat>
                    <brand>Recaro</brand>
                </seatconfig>
            </Unit>
            <Unit unitid="76fd964f-bbca-406b-be24-5da83a7fa9f5" registration="XHP8196">
                <Wingtips>true</Wingtips>
                <Windows>54</Windows>
                <seatconfig>
                    <seat compartment="eco" cover="fabric">
                        <amount>10</amount>
                        <tv>false</tv>
                    </seat>
                    <seat compartment="business" cover="fabric">
                        <amount>23</amount>
                        <tv>true</tv>
                    </seat>
                    <seat compartment="first" cover="leather">
                        <amount>4</amount>
                        <tv>true</tv>
                    </seat>
                    <brand>Recaro</brand>
                </seatconfig>
            </Unit>
        </Units>
    </Team>
    <Team teamid="473" employees="3">
        <ISO_Code>SB</ISO_Code>
        <HourlyRate>100.51</HourlyRate>
        <Units>
            <Unit unitid="8b674968-5e6c-4e5d-829a-cc4d41217b24" registration="MWT2759">
                <Wingtips>true</Wingtips>
                <Windows>60</Windows>
                <seatconfig>
                    <seat compartment="eco" cover="fabric">
                        <amount>36</amount>
                        <tv>false</tv>
                    </seat>
                    <seat compartment="business" cover="fabric">
                        <amount>28</amount>
                        <tv>true</tv>
                    </seat>
                    <seat compartment="first" cover="leather">
                        <amount>3</amount>
                        <tv>true</tv>
                    </seat>
                    <brand>Recaro</brand>
                </seatconfig>
            </Unit>
        </Units>
    </Team>
    <Team teamid="438" employees="3">
        <ISO_Code>LT</ISO_Code>
        <HourlyRate>164.87</HourlyRate>
        <Units>
            <Unit unitid="9ad5ce28-af61-4167-907f-a465102b915a" registration="PRI3007">
                <Wingtips>true</Wingtips>
                <Windows>24</Windows>
                <seatconfig>
                    <seat compartment="eco" cover="fabric">
                        <amount>29</amount>
                        <tv>false</tv>
                    </seat>
                    <seat compartment="business" cover="fabric">
                        <amount>20</amount>
                        <tv>true</tv>
                    </seat>
                    <seat compartment="first" cover="leather">
                        <amount>3</amount>
                        <tv>true</tv>
                    </seat>
                    <brand>Recaro</brand>
                </seatconfig>
            </Unit>
            <Unit unitid="971224a1-32d4-4518-b6bd-798841f37130" registration="BBA9904">
                <Wingtips>true</Wingtips>
                <Windows>53</Windows>
                <seatconfig>
                    <seat compartment="eco" cover="fabric">
                        <amount>57</amount>
                        <tv>false</tv>
                    </seat>
                    <seat compartment="business" cover="fabric">
                        <amount>14</amount>
                        <tv>true</tv>
                    </seat>
                    <seat compartment="first" cover="leather">
                        <amount>7</amount>
                        <tv>true</tv>
                    </seat>
                    <brand>Recaro</brand>
                </seatconfig>
            </Unit>
            <Unit unitid="cccb8c03-b381-43a0-a64a-b7476596ad6c" registration="FCW9612">
                <Wingtips>true</Wingtips>
                <Windows>31</Windows>
                <seatconfig>
                    <seat compartment="eco" cover="fabric">
                        <amount>68</amount>
                        <tv>false</tv>
                    </seat>
                    <seat compartment="business" cover="fabric">
                        <amount>14</amount>
                        <tv>true</tv>
                    </seat>
                    <seat compartment="first" cover="leather">
                        <amount>5</amount>
                        <tv>true</tv>
                    </seat>
                    <brand>Recaro</brand>
                </seatconfig>
            </Unit>
        </Units>
    </Team>
    <Team teamid="79" employees="3">
        <ISO_Code>IS</ISO_Code>
        <HourlyRate>168.69</HourlyRate>
        <Units>
            <Unit unitid="326194b9-c262-4a08-99a1-ba5b1ffcc854" registration="TCZ2072">
                <Wingtips>true</Wingtips>
                <Windows>80</Windows>
                <seatconfig>
                    <seat compartment="eco" cover="fabric">
                        <amount>26</amount>
                        <tv>false</tv>
                    </seat>
                    <seat compartment="business" cover="fabric">
                        <amount>28</amount>
                        <tv>true</tv>
                    </seat>
                    <seat compartment="first" cover="leather">
                        <amount>4</amount>
                        <tv>true</tv>
                    </seat>
                    <brand>Recaro</brand>
                </seatconfig>
            </Unit>
            <Unit unitid="df4f0f27-a7ee-4a5f-b7a3-fec095fbec21" registration="MZM1839">
                <Wingtips>true</Wingtips>
                <Windows>71</Windows>
                <seatconfig>
                    <seat compartment="eco" cover="fabric">
                        <amount>51</amount>
                        <tv>false</tv>
                    </seat>
                    <seat compartment="business" cover="fabric">
                        <amount>28</amount>
                        <tv>true</tv>
                    </seat>
                    <seat compartment="first" cover="leather">
                        <amount>7</amount>
                        <tv>true</tv>
                    </seat>
                    <brand>Recaro</brand>
                </seatconfig>
            </Unit>
        </Units>
    </Team>
    <Team teamid="720" employees="3">
        <ISO_Code>TN</ISO_Code>
        <HourlyRate>187.63</HourlyRate>
        <Units>
            <Unit unitid="8316100a-8948-4d21-b01e-0d1cc37cb27e" registration="UQO2689">
                <Wingtips>true</Wingtips>
                <Windows>51</Windows>
                <seatconfig>
                    <seat compartment="eco" cover="fabric">
                        <amount>28</amount>
                        <tv>false</tv>
                    </seat>
                    <seat compartment="business" cover="fabric">
                        <amount>15</amount>
                        <tv>true</tv>
                    </seat>
                    <seat compartment="first" cover="leather">
                        <amount>7</amount>
                        <tv>true</tv>
                    </seat>
                    <brand>Recaro</brand>
                </seatconfig>
            </Unit>
            <Unit unitid="64fdfedf-6d18-4de9-a4b2-e3e4ac6d6e7c" registration="PKX0826">
                <Wingtips>true</Wingtips>
                <Windows>40</Windows>
                <seatconfig>
                    <seat compartment="eco" cover="fabric">
                        <amount>54</amount>
                        <tv>false</tv>
                    </seat>
                    <seat compartment="business" cover="fabric">
                        <amount>12</amount>
                        <tv>true</tv>
                    </seat>
                    <seat compartment="first" cover="leather">
                        <amount>6</amount>
                        <tv>true</tv>
                    </seat>
                    <brand>Recaro</brand>
                </seatconfig>
            </Unit>
        </Units>
    </Team>
    <Team teamid="285" employees="3">
        <ISO_Code>CG</ISO_Code>
        <HourlyRate>120.6</HourlyRate>
        <Units>
            <Unit unitid="249307dc-7ea3-4097-8a31-96a15806d9ca" registration="DDQ5280">
                <Wingtips>true</Wingtips>
                <Windows>85</Windows>
                <seatconfig>
                    <seat compartment="eco" cover="fabric">
                        <amount>76</amount>
                        <tv>false</tv>
                    </seat>
                    <seat compartment="business" cover="fabric">
                        <amount>29</amount>
                        <tv>true</tv>
                    </seat>
                    <seat compartment="first" cover="leather">
                        <amount>6</amount>
                        <tv>true</tv>
                    </seat>
                    <brand>Recaro</brand>
                </seatconfig>
            </Unit>
            <Unit unitid="fc077277-254d-4c09-a734-7090d634eee2" registration="XQI5219">
                <Wingtips>true</Wingtips>
                <Windows>28</Windows>
                <seatconfig>
                    <seat compartment="eco" cover="fabric">
                        <amount>29</amount>
                        <tv>false</tv>
                    </seat>
                    <seat compartment="business" cover="fabric">
                        <amount>28</amount>
                        <tv>true</tv>
                    </seat>
                    <seat compartment="first" cover="leather">
                        <amount>2</amount>
                        <tv>true</tv>
                    </seat>
                    <brand>Recaro</brand>
                </seatconfig>
            </Unit>
            <Unit unitid="c81b3f9a-bbb2-4509-b5b4-dd73117e61f3" registration="UQO2689">
                <Wingtips>true</Wingtips>
                <Windows>51</Windows>
                <seatconfig>
                    <seat compartment="eco" cover="fabric">
                        <amount>28</amount>
                        <tv>false</tv>
                    </seat>
                    <seat compartment="business" cover="fabric">
                        <amount>15</amount>
                        <tv>true</tv>
                    </seat>
                    <seat compartment="first" cover="leather">
                        <amount>7</amount>
                        <tv>true</tv>
                    </seat>
                    <brand>Recaro</brand>
                </seatconfig>
            </Unit>
            <Unit unitid="095a14c5-cc7c-4ff7-8ab9-f58d43b21853" registration="UNF7334">
                <Wingtips>true</Wingtips>
                <Windows>12</Windows>
                <seatconfig>
                    <seat compartment="eco" cover="fabric">
                        <amount>49</amount>
                        <tv>false</tv>
                    </seat>
                    <seat compartment="business" cover="fabric">
                        <amount>17</amount>
                        <tv>true</tv>
                    </seat>
                    <seat compartment="first" cover="leather">
                        <amount>7</amount>
                        <tv>true</tv>
                    </seat>
                    <brand>Recaro</brand>
                </seatconfig>
            </Unit>
        </Units>
    </Team>
    <Team teamid="411" employees="3">
        <ISO_Code>IR</ISO_Code>
        <HourlyRate>129.27</HourlyRate>
        <Units>
            <Unit unitid="50f33ae6-0265-4277-821f-4e68e78fbf3e" registration="FEN6435">
                <Wingtips>true</Wingtips>
                <Windows>67</Windows>
                <seatconfig>
                    <seat compartment="eco" cover="fabric">
                        <amount>28</amount>
                        <tv>false</tv>
                    </seat>
                    <seat compartment="business" cover="fabric">
                        <amount>13</amount>
                        <tv>true</tv>
                    </seat>
                    <seat compartment="first" cover="leather">
                        <amount>5</amount>
                        <tv>true</tv>
                    </seat>
                    <brand>Recaro</brand>
                </seatconfig>
            </Unit>
            <Unit unitid="0c9b2806-72c4-4de1-8c19-26a2bc7f8744" registration="TGE1628">
                <Wingtips>true</Wingtips>
                <Windows>13</Windows>
                <seatconfig>
                    <seat compartment="eco" cover="fabric">
                        <amount>70</amount>
                        <tv>false</tv>
                    </seat>
                    <seat compartment="business" cover="fabric">
                        <amount>17</amount>
                        <tv>true</tv>
                    </seat>
                    <seat compartment="first" cover="leather">
                        <amount>3</amount>
                        <tv>true</tv>
                    </seat>
                    <brand>Recaro</brand>
                </seatconfig>
            </Unit>
        </Units>
    </Team>
    <Team teamid="285" employees="3">
        <ISO_Code>CG</ISO_Code>
        <HourlyRate>120.6</HourlyRate>
        <Units>
            <Unit unitid="249307dc-7ea3-4097-8a31-96a15806d9ca" registration="DDQ5280">
                <Wingtips>true</Wingtips>
                <Windows>85</Windows>
                <seatconfig>
                    <seat compartment="eco" cover="fabric">
                        <amount>76</amount>
                        <tv>false</tv>
                    </seat>
                    <seat compartment="business" cover="fabric">
                        <amount>29</amount>
                        <tv>true</tv>
                    </seat>
                    <seat compartment="first" cover="leather">
                        <amount>6</amount>
                        <tv>true</tv>
                    </seat>
                    <brand>Recaro</brand>
                </seatconfig>
            </Unit>
            <Unit unitid="fc077277-254d-4c09-a734-7090d634eee2" registration="XQI5219">
                <Wingtips>true</Wingtips>
                <Windows>28</Windows>
                <seatconfig>
                    <seat compartment="eco" cover="fabric">
                        <amount>29</amount>
                        <tv>false</tv>
                    </seat>
                    <seat compartment="business" cover="fabric">
                        <amount>28</amount>
                        <tv>true</tv>
                    </seat>
                    <seat compartment="first" cover="leather">
                        <amount>2</amount>
                        <tv>true</tv>
                    </seat>
                    <brand>Recaro</brand>
                </seatconfig>
            </Unit>
            <Unit unitid="c81b3f9a-bbb2-4509-b5b4-dd73117e61f3" registration="UQO2689">
                <Wingtips>true</Wingtips>
                <Windows>51</Windows>
                <seatconfig>
                    <seat compartment="eco" cover="fabric">
                        <amount>28</amount>
                        <tv>false</tv>
                    </seat>
                    <seat compartment="business" cover="fabric">
                        <amount>15</amount>
                        <tv>true</tv>
                    </seat>
                    <seat compartment="first" cover="leather">
                        <amount>7</amount>
                        <tv>true</tv>
                    </seat>
                    <brand>Recaro</brand>
                </seatconfig>
            </Unit>
            <Unit unitid="095a14c5-cc7c-4ff7-8ab9-f58d43b21853" registration="UNF7334">
                <Wingtips>true</Wingtips>
                <Windows>12</Windows>
                <seatconfig>
                    <seat compartment="eco" cover="fabric">
                        <amount>49</amount>
                        <tv>false</tv>
                    </seat>
                    <seat compartment="business" cover="fabric">
                        <amount>17</amount>
                        <tv>true</tv>
                    </seat>
                    <seat compartment="first" cover="leather">
                        <amount>7</amount>
                        <tv>true</tv>
                    </seat>
                    <brand>Recaro</brand>
                </seatconfig>
            </Unit>
        </Units>
    </Team>
    <Team teamid="438" employees="3">
        <ISO_Code>LT</ISO_Code>
        <HourlyRate>164.87</HourlyRate>
        <Units>
            <Unit unitid="9ad5ce28-af61-4167-907f-a465102b915a" registration="PRI3007">
                <Wingtips>true</Wingtips>
                <Windows>24</Windows>
                <seatconfig>
                    <seat compartment="eco" cover="fabric">
                        <amount>29</amount>
                        <tv>false</tv>
                    </seat>
                    <seat compartment="business" cover="fabric">
                        <amount>20</amount>
                        <tv>true</tv>
                    </seat>
                    <seat compartment="first" cover="leather">
                        <amount>3</amount>
                        <tv>true</tv>
                    </seat>
                    <brand>Recaro</brand>
                </seatconfig>
            </Unit>
            <Unit unitid="971224a1-32d4-4518-b6bd-798841f37130" registration="BBA9904">
                <Wingtips>true</Wingtips>
                <Windows>53</Windows>
                <seatconfig>
                    <seat compartment="eco" cover="fabric">
                        <amount>57</amount>
                        <tv>false</tv>
                    </seat>
                    <seat compartment="business" cover="fabric">
                        <amount>14</amount>
                        <tv>true</tv>
                    </seat>
                    <seat compartment="first" cover="leather">
                        <amount>7</amount>
                        <tv>true</tv>
                    </seat>
                    <brand>Recaro</brand>
                </seatconfig>
            </Unit>
            <Unit unitid="cccb8c03-b381-43a0-a64a-b7476596ad6c" registration="FCW9612">
                <Wingtips>true</Wingtips>
                <Windows>31</Windows>
                <seatconfig>
                    <seat compartment="eco" cover="fabric">
                        <amount>68</amount>
                        <tv>false</tv>
                    </seat>
                    <seat compartment="business" cover="fabric">
                        <amount>14</amount>
                        <tv>true</tv>
                    </seat>
                    <seat compartment="first" cover="leather">
                        <amount>5</amount>
                        <tv>true</tv>
                    </seat>
                    <brand>Recaro</brand>
                </seatconfig>
            </Unit>
        </Units>
    </Team>
    <Team teamid="220" employees="3">
        <ISO_Code>BO</ISO_Code>
        <HourlyRate>237.03</HourlyRate>
        <Units>
            <Unit unitid="d4ac10c3-77b3-4061-b371-85504ed95465" registration="MVF1343">
                <Wingtips>false</Wingtips>
                <Windows>88</Windows>
                <seatconfig>
                    <seat compartment="eco" cover="fabric">
                        <amount>66</amount>
                        <tv>false</tv>
                    </seat>
                    <seat compartment="business" cover="fabric">
                        <amount>19</amount>
                        <tv>true</tv>
                    </seat>
                    <seat compartment="first" cover="leather">
                        <amount>5</amount>
                        <tv>true</tv>
                    </seat>
                    <brand>Recaro</brand>
                </seatconfig>
            </Unit>
        </Units>
    </Team>
    <Team teamid="620" employees="3">
        <ISO_Code>LA</ISO_Code>
        <HourlyRate>152.21</HourlyRate>
        <Units>
            <Unit unitid="19615d47-16b0-430f-a1b4-b39dd134ca80" registration="ACN7816">
                <Wingtips>true</Wingtips>
                <Windows>43</Windows>
                <seatconfig>
                    <seat compartment="eco" cover="fabric">
                        <amount>43</amount>
                        <tv>false</tv>
                    </seat>
                    <seat compartment="business" cover="fabric">
                        <amount>13</amount>
                        <tv>true</tv>
                    </seat>
                    <seat compartment="first" cover="leather">
                        <amount>4</amount>
                        <tv>true</tv>
                    </seat>
                    <brand>Recaro</brand>
                </seatconfig>
            </Unit>
            <Unit unitid="d0336fd2-de4c-4262-bb08-a5db7b6e76c1" registration="HAN3678">
                <Wingtips>false</Wingtips>
                <Windows>54</Windows>
                <seatconfig>
                    <seat compartment="eco" cover="fabric">
                        <amount>44</amount>
                        <tv>false</tv>
                    </seat>
                    <seat compartment="business" cover="fabric">
                        <amount>20</amount>
                        <tv>true</tv>
                    </seat>
                    <seat compartment="first" cover="leather">
                        <amount>6</amount>
                        <tv>true</tv>
                    </seat>
                    <brand>Recaro</brand>
                </seatconfig>
            </Unit>
        </Units>
    </Team>
    <Team teamid="611" employees="3">
        <ISO_Code>YE</ISO_Code>
        <HourlyRate>193.63</HourlyRate>
        <Units>
            <Unit unitid="ce0c61de-6729-42c3-84c1-64212fff0841" registration="GAG1420">
                <Wingtips>true</Wingtips>
                <Windows>85</Windows>
                <seatconfig>
                    <seat compartment="eco" cover="fabric">
                        <amount>14</amount>
                        <tv>false</tv>
                    </seat>
                    <seat compartment="business" cover="fabric">
                        <amount>8</amount>
                        <tv>true</tv>
                    </seat>
                    <seat compartment="first" cover="leather">
                        <amount>3</amount>
                        <tv>true</tv>
                    </seat>
                    <brand>Recaro</brand>
                </seatconfig>
            </Unit>
            <Unit unitid="67fbb447-2602-4478-8313-826096b480be" registration="NXO7034">
                <Wingtips>true</Wingtips>
                <Windows>74</Windows>
                <seatconfig>
                    <seat compartment="eco" cover="fabric">
                        <amount>21</amount>
                        <tv>false</tv>
                    </seat>
                    <seat compartment="business" cover="fabric">
                        <amount>13</amount>
                        <tv>true</tv>
                    </seat>
                    <seat compartment="first" cover="leather">
                        <amount>3</amount>
                        <tv>true</tv>
                    </seat>
                    <brand>Recaro</brand>
                </seatconfig>
            </Unit>
            <Unit unitid="ab563365-d580-4409-be75-1dc823962c27" registration="FEB5989">
                <Wingtips>true</Wingtips>
                <Windows>36</Windows>
                <seatconfig>
                    <seat compartment="eco" cover="fabric">
                        <amount>42</amount>
                        <tv>false</tv>
                    </seat>
                    <seat compartment="business" cover="fabric">
                        <amount>28</amount>
                        <tv>true</tv>
                    </seat>
                    <seat compartment="first" cover="leather">
                        <amount>3</amount>
                        <tv>true</tv>
                    </seat>
                    <brand>Recaro</brand>
                </seatconfig>
            </Unit>
            <Unit unitid="f356e9cf-5c6f-4b42-b25d-331cea743a40" registration="FWM4532">
                <Wingtips>false</Wingtips>
                <Windows>55</Windows>
                <seatconfig>
                    <seat compartment="eco" cover="fabric">
                        <amount>47</amount>
                        <tv>false</tv>
                    </seat>
                    <seat compartment="business" cover="fabric">
                        <amount>10</amount>
                        <tv>true</tv>
                    </seat>
                    <seat compartment="first" cover="leather">
                        <amount>3</amount>
                        <tv>true</tv>
                    </seat>
                    <brand>Recaro</brand>
                </seatconfig>
            </Unit>
        </Units>
    </Team>
    <Team teamid="688" employees="3">
        <ISO_Code>SB</ISO_Code>
        <HourlyRate>228.28</HourlyRate>
        <Units>
            <Unit unitid="a71b0ab3-9ac7-438b-aa09-7351dff759fc" registration="KJU1255">
                <Wingtips>false</Wingtips>
                <Windows>74</Windows>
                <seatconfig>
                    <seat compartment="eco" cover="fabric">
                        <amount>40</amount>
                        <tv>false</tv>
                    </seat>
                    <seat compartment="business" cover="fabric">
                        <amount>16</amount>
                        <tv>true</tv>
                    </seat>
                    <seat compartment="first" cover="leather">
                        <amount>2</amount>
                        <tv>true</tv>
                    </seat>
                    <brand>Recaro</brand>
                </seatconfig>
            </Unit>
        </Units>
    </Team>
    <Team teamid="611" employees="3">
        <ISO_Code>YE</ISO_Code>
        <HourlyRate>193.63</HourlyRate>
        <Units>
            <Unit unitid="ce0c61de-6729-42c3-84c1-64212fff0841" registration="GAG1420">
                <Wingtips>true</Wingtips>
                <Windows>85</Windows>
                <seatconfig>
                    <seat compartment="eco" cover="fabric">
                        <amount>14</amount>
                        <tv>false</tv>
                    </seat>
                    <seat compartment="business" cover="fabric">
                        <amount>8</amount>
                        <tv>true</tv>
                    </seat>
                    <seat compartment="first" cover="leather">
                        <amount>3</amount>
                        <tv>true</tv>
                    </seat>
                    <brand>Recaro</brand>
                </seatconfig>
            </Unit>
            <Unit unitid="67fbb447-2602-4478-8313-826096b480be" registration="NXO7034">
                <Wingtips>true</Wingtips>
                <Windows>74</Windows>
                <seatconfig>
                    <seat compartment="eco" cover="fabric">
                        <amount>21</amount>
                        <tv>false</tv>
                    </seat>
                    <seat compartment="business" cover="fabric">
                        <amount>13</amount>
                        <tv>true</tv>
                    </seat>
                    <seat compartment="first" cover="leather">
                        <amount>3</amount>
                        <tv>true</tv>
                    </seat>
                    <brand>Recaro</brand>
                </seatconfig>
            </Unit>
            <Unit unitid="ab563365-d580-4409-be75-1dc823962c27" registration="FEB5989">
                <Wingtips>true</Wingtips>
                <Windows>36</Windows>
                <seatconfig>
                    <seat compartment="eco" cover="fabric">
                        <amount>42</amount>
                        <tv>false</tv>
                    </seat>
                    <seat compartment="business" cover="fabric">
                        <amount>28</amount>
                        <tv>true</tv>
                    </seat>
                    <seat compartment="first" cover="leather">
                        <amount>3</amount>
                        <tv>true</tv>
                    </seat>
                    <brand>Recaro</brand>
                </seatconfig>
            </Unit>
            <Unit unitid="f356e9cf-5c6f-4b42-b25d-331cea743a40" registration="FWM4532">
                <Wingtips>false</Wingtips>
                <Windows>55</Windows>
                <seatconfig>
                    <seat compartment="eco" cover="fabric">
                        <amount>47</amount>
                        <tv>false</tv>
                    </seat>
                    <seat compartment="business" cover="fabric">
                        <amount>10</amount>
                        <tv>true</tv>
                    </seat>
                    <seat compartment="first" cover="leather">
                        <amount>3</amount>
                        <tv>true</tv>
                    </seat>
                    <brand>Recaro</brand>
                </seatconfig>
            </Unit>
        </Units>
    </Team>
    <Team teamid="519" employees="3">
        <ISO_Code>PH</ISO_Code>
        <HourlyRate>54.02</HourlyRate>
        <Units>
            <Unit unitid="e90194b6-9c89-418f-b7f3-378fa5ff6c15" registration="OKS4158">
                <Wingtips>true</Wingtips>
                <Windows>84</Windows>
                <seatconfig>
                    <seat compartment="eco" cover="fabric">
                        <amount>11</amount>
                        <tv>false</tv>
                    </seat>
                    <seat compartment="business" cover="fabric">
                        <amount>29</amount>
                        <tv>true</tv>
                    </seat>
                    <seat compartment="first" cover="leather">
                        <amount>3</amount>
                        <tv>true</tv>
                    </seat>
                    <brand>Recaro</brand>
                </seatconfig>
            </Unit>
        </Units>
    </Team>
    <Team teamid="385" employees="3">
        <ISO_Code>IL</ISO_Code>
        <HourlyRate>106.12</HourlyRate>
        <Units>
            <Unit unitid="8f1b8575-25b2-4e67-9cda-7d61dbe0c4c8" registration="LAU5103">
                <Wingtips>true</Wingtips>
                <Windows>82</Windows>
                <seatconfig>
                    <seat compartment="eco" cover="fabric">
                        <amount>68</amount>
                        <tv>false</tv>
                    </seat>
                    <seat compartment="business" cover="fabric">
                        <amount>19</amount>
                        <tv>true</tv>
                    </seat>
                    <seat compartment="first" cover="leather">
                        <amount>3</amount>
                        <tv>true</tv>
                    </seat>
                    <brand>Recaro</brand>
                </seatconfig>
            </Unit>
        </Units>
    </Team>
    <Team teamid="611" employees="3">
        <ISO_Code>YE</ISO_Code>
        <HourlyRate>193.63</HourlyRate>
        <Units>
            <Unit unitid="ce0c61de-6729-42c3-84c1-64212fff0841" registration="GAG1420">
                <Wingtips>true</Wingtips>
                <Windows>85</Windows>
                <seatconfig>
                    <seat compartment="eco" cover="fabric">
                        <amount>14</amount>
                        <tv>false</tv>
                    </seat>
                    <seat compartment="business" cover="fabric">
                        <amount>8</amount>
                        <tv>true</tv>
                    </seat>
                    <seat compartment="first" cover="leather">
                        <amount>3</amount>
                        <tv>true</tv>
                    </seat>
                    <brand>Recaro</brand>
                </seatconfig>
            </Unit>
            <Unit unitid="67fbb447-2602-4478-8313-826096b480be" registration="NXO7034">
                <Wingtips>true</Wingtips>
                <Windows>74</Windows>
                <seatconfig>
                    <seat compartment="eco" cover="fabric">
                        <amount>21</amount>
                        <tv>false</tv>
                    </seat>
                    <seat compartment="business" cover="fabric">
                        <amount>13</amount>
                        <tv>true</tv>
                    </seat>
                    <seat compartment="first" cover="leather">
                        <amount>3</amount>
                        <tv>true</tv>
                    </seat>
                    <brand>Recaro</brand>
                </seatconfig>
            </Unit>
            <Unit unitid="ab563365-d580-4409-be75-1dc823962c27" registration="FEB5989">
                <Wingtips>true</Wingtips>
                <Windows>36</Windows>
                <seatconfig>
                    <seat compartment="eco" cover="fabric">
                        <amount>42</amount>
                        <tv>false</tv>
                    </seat>
                    <seat compartment="business" cover="fabric">
                        <amount>28</amount>
                        <tv>true</tv>
                    </seat>
                    <seat compartment="first" cover="leather">
                        <amount>3</amount>
                        <tv>true</tv>
                    </seat>
                    <brand>Recaro</brand>
                </seatconfig>
            </Unit>
            <Unit unitid="f356e9cf-5c6f-4b42-b25d-331cea743a40" registration="FWM4532">
                <Wingtips>false</Wingtips>
                <Windows>55</Windows>
                <seatconfig>
                    <seat compartment="eco" cover="fabric">
                        <amount>47</amount>
                        <tv>false</tv>
                    </seat>
                    <seat compartment="business" cover="fabric">
                        <amount>10</amount>
                        <tv>true</tv>
                    </seat>
                    <seat compartment="first" cover="leather">
                        <amount>3</amount>
                        <tv>true</tv>
                    </seat>
                    <brand>Recaro</brand>
                </seatconfig>
            </Unit>
        </Units>
    </Team>
    <Team teamid="777" employees="3">
        <ISO_Code>NZ</ISO_Code>
        <HourlyRate>123.26</HourlyRate>
        <Units>
            <Unit unitid="532ab8ab-8849-4869-b164-175d54f03e52" registration="BVK3060">
                <Wingtips>true</Wingtips>
                <Windows>10</Windows>
                <seatconfig>
                    <seat compartment="eco" cover="fabric">
                        <amount>42</amount>
                        <tv>false</tv>
                    </seat>
                    <seat compartment="business" cover="fabric">
                        <amount>13</amount>
                        <tv>true</tv>
                    </seat>
                    <seat compartment="first" cover="leather">
                        <amount>2</amount>
                        <tv>true</tv>
                    </seat>
                    <brand>Recaro</brand>
                </seatconfig>
            </Unit>
            <Unit unitid="134cb00f-b77e-49ce-9055-288a70378341" registration="ATG3127">
                <Wingtips>true</Wingtips>
                <Windows>99</Windows>
                <seatconfig>
                    <seat compartment="eco" cover="fabric">
                        <amount>43</amount>
                        <tv>false</tv>
                    </seat>
                    <seat compartment="business" cover="fabric">
                        <amount>10</amount>
                        <tv>true</tv>
                    </seat>
                    <seat compartment="first" cover="leather">
                        <amount>4</amount>
                        <tv>true</tv>
                    </seat>
                    <brand>Recaro</brand>
                </seatconfig>
            </Unit>
            <Unit unitid="76fd964f-bbca-406b-be24-5da83a7fa9f5" registration="XHP8196">
                <Wingtips>true</Wingtips>
                <Windows>54</Windows>
                <seatconfig>
                    <seat compartment="eco" cover="fabric">
                        <amount>10</amount>
                        <tv>false</tv>
                    </seat>
                    <seat compartment="business" cover="fabric">
                        <amount>23</amount>
                        <tv>true</tv>
                    </seat>
                    <seat compartment="first" cover="leather">
                        <amount>4</amount>
                        <tv>true</tv>
                    </seat>
                    <brand>Recaro</brand>
                </seatconfig>
            </Unit>
        </Units>
    </Team>
    <Team teamid="13" employees="3">
        <ISO_Code>NP</ISO_Code>
        <HourlyRate>198</HourlyRate>
        <Units>
            <Unit unitid="da0c7f52-3627-4c0a-b3b5-9619a68939a2" registration="BCO7573">
                <Wingtips>false</Wingtips>
                <Windows>68</Windows>
                <seatconfig>
                    <seat compartment="eco" cover="fabric">
                        <amount>16</amount>
                        <tv>false</tv>
                    </seat>
                    <seat compartment="business" cover="fabric">
                        <amount>17</amount>
                        <tv>true</tv>
                    </seat>
                    <seat compartment="first" cover="leather">
                        <amount>4</amount>
                        <tv>true</tv>
                    </seat>
                    <brand>Recaro</brand>
                </seatconfig>
            </Unit>
        </Units>
    </Team>
</Teams>
