<?xml version="1.0" standalone="yes"?>
<Planes>
    <Plane registration="DWP3322">
        <Customer>
            <Firstname>Cleo</Firstname>
            <Lastname>Eckert</Lastname>
            <Address zip="14331" city="Jacksonmouth">
                <Street>Christopher Terrace</Street>
                <Housenumber>153</Housenumber>
            </Address>
        </Customer>
        <Toilets>
            <ToiletSpecs unitid="365c489e-4cda-4884-942b-5bf366383955">
                <Capacity>12.05</Capacity>
                <Flowrate>4.98</Flowrate>
            </ToiletSpecs>
        </Toilets>
    </Plane>
    <Plane registration="PLS5902">
        <Customer>
            <Firstname>Sila</Firstname>
            <Lastname>Hunter</Lastname>
            <Address zip="21360" city="South Erintown">
                <Street>Spencer Shoals</Street>
                <Housenumber>360</Housenumber>
            </Address>
        </Customer>
        <Toilets>
            <ToiletSpecs unitid="2d099b76-c056-440c-b2da-f646b3e28d55">
                <Capacity>6.82</Capacity>
                <Flowrate>3.61</Flowrate>
            </ToiletSpecs>
            <ToiletSpecs unitid="69433c87-c8da-4d8d-956e-7067ad09f6f3">
                <Capacity>15.93</Capacity>
                <Flowrate>3.68</Flowrate>
            </ToiletSpecs>
        </Toilets>
    </Plane>
    <Plane registration="LSY0464">
        <Customer>
            <Firstname>Jeremy</Firstname>
            <Lastname>Claes</Lastname>
            <Address zip="2708" city="Michaelland">
                <Street>Melendez Locks</Street>
                <Housenumber>381</Housenumber>
            </Address>
        </Customer>
        <Toilets>
            <ToiletSpecs unitid="a3133475-df68-43c6-9ace-7352d84d857c">
                <Capacity>11.21</Capacity>
                <Flowrate>3.7</Flowrate>
            </ToiletSpecs>
        </Toilets>
    </Plane>
    <Plane registration="ACA0540">
        <Customer>
            <Firstname>Fabienne</Firstname>
            <Lastname>Hayes</Lastname>
            <Address zip="5840" city="East Marymouth">
                <Street>Cantu Road</Street>
                <Housenumber>281</Housenumber>
            </Address>
        </Customer>
        <Toilets>
            <ToiletSpecs unitid="e43caabc-4b9a-4939-854c-8a9a9f2dbc73">
                <Capacity>16.86</Capacity>
                <Flowrate>4.15</Flowrate>
            </ToiletSpecs>
            <ToiletSpecs unitid="d344b1eb-0d08-4ba3-9327-d9a627628f74">
                <Capacity>9.29</Capacity>
                <Flowrate>2.77</Flowrate>
            </ToiletSpecs>
        </Toilets>
    </Plane>
    <Plane registration="PQK7874">
        <Customer>
            <Firstname>Michelle</Firstname>
            <Lastname>Moore</Lastname>
            <Address zip="44878" city="North Henryside">
                <Street>Le Field</Street>
                <Housenumber>207</Housenumber>
            </Address>
        </Customer>
        <Toilets>
            <ToiletSpecs unitid="32c9cd98-0495-4fcf-9dad-78799b891e39">
                <Capacity>13.53</Capacity>
                <Flowrate>4.12</Flowrate>
            </ToiletSpecs>
        </Toilets>
    </Plane>
    <Plane registration="MEE1069">
        <Customer>
            <Firstname>Marek</Firstname>
            <Lastname>Payne</Lastname>
            <Address zip="40579" city="New Taylormouth">
                <Street>Heather Trace</Street>
                <Housenumber>244</Housenumber>
            </Address>
        </Customer>
        <Toilets>
            <ToiletSpecs unitid="121783da-404c-48df-b28e-07b9ef6b3048">
                <Capacity>18.12</Capacity>
                <Flowrate>3.18</Flowrate>
            </ToiletSpecs>
        </Toilets>
    </Plane>
    <Plane registration="PLS5902">
        <Customer>
            <Firstname>Sila</Firstname>
            <Lastname>Hunter</Lastname>
            <Address zip="21360" city="South Erintown">
                <Street>Spencer Shoals</Street>
                <Housenumber>360</Housenumber>
            </Address>
        </Customer>
        <Toilets>
            <ToiletSpecs unitid="2d099b76-c056-440c-b2da-f646b3e28d55">
                <Capacity>6.82</Capacity>
                <Flowrate>3.61</Flowrate>
            </ToiletSpecs>
            <ToiletSpecs unitid="69433c87-c8da-4d8d-956e-7067ad09f6f3">
                <Capacity>15.93</Capacity>
                <Flowrate>3.68</Flowrate>
            </ToiletSpecs>
        </Toilets>
    </Plane>
    <Plane registration="ZAG0587">
        <Customer>
            <Firstname>Ahmet</Firstname>
            <Lastname>Kirk</Lastname>
            <Address zip="26834" city="Stephanieberg">
                <Street>Megan Isle</Street>
                <Housenumber>192</Housenumber>
            </Address>
        </Customer>
        <Toilets>
            <ToiletSpecs unitid="5f648758-45bc-41ff-8125-4dd5977eabaa">
                <Capacity>13.73</Capacity>
                <Flowrate>4.5</Flowrate>
            </ToiletSpecs>
            <ToiletSpecs unitid="13d7cb6c-1ad0-4abc-8cbd-548eed69cbab">
                <Capacity>17.77</Capacity>
                <Flowrate>3.61</Flowrate>
            </ToiletSpecs>
            <ToiletSpecs unitid="2d8056bd-b7be-4af3-be38-99689ddf09bd">
                <Capacity>10.2</Capacity>
                <Flowrate>3.47</Flowrate>
            </ToiletSpecs>
        </Toilets>
    </Plane>
    <Plane registration="IYR0615">
        <Customer>
            <Firstname>Nisa</Firstname>
            <Lastname>Scott</Lastname>
            <Address zip="18343" city="Port Susan">
                <Street>Jennifer Villages</Street>
                <Housenumber>327</Housenumber>
            </Address>
        </Customer>
        <Toilets>
            <ToiletSpecs unitid="341a535f-926d-45f2-9801-9f6b5cdfc867">
                <Capacity>10.55</Capacity>
                <Flowrate>4.14</Flowrate>
            </ToiletSpecs>
        </Toilets>
    </Plane>
    <Plane registration="WMK1937">
        <Customer>
            <Firstname>Melvin</Firstname>
            <Lastname>Garrett</Lastname>
            <Address zip="95799" city="Colemanfort">
                <Street>Green Loaf</Street>
                <Housenumber>373</Housenumber>
            </Address>
        </Customer>
        <Toilets>
            <ToiletSpecs unitid="dff784b0-0d2a-46f6-a339-26951e4434e2">
                <Capacity>11.03</Capacity>
                <Flowrate>4.97</Flowrate>
            </ToiletSpecs>
            <ToiletSpecs unitid="72cd2fe9-e534-4688-8e08-7905d024ac79">
                <Capacity>5.66</Capacity>
                <Flowrate>2.55</Flowrate>
            </ToiletSpecs>
            <ToiletSpecs unitid="7071094c-8abf-4e32-b5ea-220f481fa54a">
                <Capacity>6.83</Capacity>
                <Flowrate>4.26</Flowrate>
            </ToiletSpecs>
            <ToiletSpecs unitid="50d1b4e6-71da-4fc6-82ef-547cde3af721">
                <Capacity>7.06</Capacity>
                <Flowrate>4.09</Flowrate>
            </ToiletSpecs>
        </Toilets>
    </Plane>
    <Plane registration="QIJ1058">
        <Customer>
            <Firstname>Lionel</Firstname>
            <Lastname>White</Lastname>
            <Address zip="10497" city="Maryside">
                <Street>Cooper Curve</Street>
                <Housenumber>324</Housenumber>
            </Address>
        </Customer>
        <Toilets>
            <ToiletSpecs unitid="db4e6218-b7ec-40fa-a771-bb321b25b8d4">
                <Capacity>8.75</Capacity>
                <Flowrate>2.45</Flowrate>
            </ToiletSpecs>
        </Toilets>
    </Plane>
    <Plane registration="LRI5418">
        <Customer>
            <Firstname>Amar</Firstname>
            <Lastname>Lane</Lastname>
            <Address zip="15172" city="New Earlburgh">
                <Street>Mckinney Harbor</Street>
                <Housenumber>366</Housenumber>
            </Address>
        </Customer>
        <Toilets>
            <ToiletSpecs unitid="91cbc3dd-17f7-416a-9553-8400301f2956">
                <Capacity>19.16</Capacity>
                <Flowrate>3.65</Flowrate>
            </ToiletSpecs>
            <ToiletSpecs unitid="66ac542e-9530-4ccb-ad96-3fb6474a7cb8">
                <Capacity>14.38</Capacity>
                <Flowrate>2.59</Flowrate>
            </ToiletSpecs>
            <ToiletSpecs unitid="30675110-cb66-4aba-8a71-71fca2a097db">
                <Capacity>18.26</Capacity>
                <Flowrate>2.82</Flowrate>
            </ToiletSpecs>
        </Toilets>
    </Plane>
    <Plane registration="LYG3658">
        <Customer>
            <Firstname>Elissa</Firstname>
            <Lastname>Rogers</Lastname>
            <Address zip="42201" city="South Williamstad">
                <Street>Marcus Gardens</Street>
                <Housenumber>197</Housenumber>
            </Address>
        </Customer>
        <Toilets>
            <ToiletSpecs unitid="6177eaa9-d2ed-4d45-b762-b917cfcb3741">
                <Capacity>17.48</Capacity>
                <Flowrate>2.82</Flowrate>
            </ToiletSpecs>
            <ToiletSpecs unitid="6fc67fdd-de3f-4c7b-ba76-b29d8d54e780">
                <Capacity>6.5</Capacity>
                <Flowrate>4.58</Flowrate>
            </ToiletSpecs>
        </Toilets>
    </Plane>
    <Plane registration="EBK6438">
        <Customer>
            <Firstname>Logan</Firstname>
            <Lastname>Greer</Lastname>
            <Address zip="10083" city="Brianfort">
                <Street>Shah Parkway</Street>
                <Housenumber>274</Housenumber>
            </Address>
        </Customer>
        <Toilets>
            <ToiletSpecs unitid="dd57eaa8-f886-482b-a025-d85b4b4f8044">
                <Capacity>7.64</Capacity>
                <Flowrate>4.92</Flowrate>
            </ToiletSpecs>
        </Toilets>
    </Plane>
    <Plane registration="LRI5418">
        <Customer>
            <Firstname>Amar</Firstname>
            <Lastname>Lane</Lastname>
            <Address zip="15172" city="New Earlburgh">
                <Street>Mckinney Harbor</Street>
                <Housenumber>366</Housenumber>
            </Address>
        </Customer>
        <Toilets>
            <ToiletSpecs unitid="91cbc3dd-17f7-416a-9553-8400301f2956">
                <Capacity>19.16</Capacity>
                <Flowrate>3.65</Flowrate>
            </ToiletSpecs>
            <ToiletSpecs unitid="66ac542e-9530-4ccb-ad96-3fb6474a7cb8">
                <Capacity>14.38</Capacity>
                <Flowrate>2.59</Flowrate>
            </ToiletSpecs>
            <ToiletSpecs unitid="30675110-cb66-4aba-8a71-71fca2a097db">
                <Capacity>18.26</Capacity>
                <Flowrate>2.82</Flowrate>
            </ToiletSpecs>
        </Toilets>
    </Plane>
    <Plane registration="LQW5936">
        <Customer>
            <Firstname>Hannah</Firstname>
            <Lastname>Pena</Lastname>
            <Address zip="13435" city="North Richard">
                <Street>Julia Street</Street>
                <Housenumber>330</Housenumber>
            </Address>
        </Customer>
        <Toilets>
            <ToiletSpecs unitid="3500929a-516e-463a-a923-a63820cc6e31">
                <Capacity>15.11</Capacity>
                <Flowrate>2.05</Flowrate>
            </ToiletSpecs>
            <ToiletSpecs unitid="e91427d8-a84d-4bda-8001-7c84db3e7dcc">
                <Capacity>18.01</Capacity>
                <Flowrate>3.53</Flowrate>
            </ToiletSpecs>
        </Toilets>
    </Plane>
    <Plane registration="PKE3491">
        <Customer>
            <Firstname>Anouk</Firstname>
            <Lastname>Mueller</Lastname>
            <Address zip="42381" city="East Angel">
                <Street>Rebecca Lodge</Street>
                <Housenumber>52</Housenumber>
            </Address>
        </Customer>
        <Toilets>
            <ToiletSpecs unitid="39aed4f2-6cb7-4072-bdd7-003dc8f8a30e">
                <Capacity>10.4</Capacity>
                <Flowrate>4.51</Flowrate>
            </ToiletSpecs>
        </Toilets>
    </Plane>
    <Plane registration="ENA8057">
        <Customer>
            <Firstname>Rudi</Firstname>
            <Lastname>Thornton</Lastname>
            <Address zip="60050" city="Bowmanhaven">
                <Street>Michael Springs</Street>
                <Housenumber>190</Housenumber>
            </Address>
        </Customer>
        <Toilets>
            <ToiletSpecs unitid="1c06a6d1-1553-4559-b49f-6e92cb6c20e1">
                <Capacity>9.62</Capacity>
                <Flowrate>2.91</Flowrate>
            </ToiletSpecs>
        </Toilets>
    </Plane>
    <Plane registration="WMK1937">
        <Customer>
            <Firstname>Melvin</Firstname>
            <Lastname>Garrett</Lastname>
            <Address zip="95799" city="Colemanfort">
                <Street>Green Loaf</Street>
                <Housenumber>373</Housenumber>
            </Address>
        </Customer>
        <Toilets>
            <ToiletSpecs unitid="dff784b0-0d2a-46f6-a339-26951e4434e2">
                <Capacity>11.03</Capacity>
                <Flowrate>4.97</Flowrate>
            </ToiletSpecs>
            <ToiletSpecs unitid="72cd2fe9-e534-4688-8e08-7905d024ac79">
                <Capacity>5.66</Capacity>
                <Flowrate>2.55</Flowrate>
            </ToiletSpecs>
            <ToiletSpecs unitid="7071094c-8abf-4e32-b5ea-220f481fa54a">
                <Capacity>6.83</Capacity>
                <Flowrate>4.26</Flowrate>
            </ToiletSpecs>
            <ToiletSpecs unitid="50d1b4e6-71da-4fc6-82ef-547cde3af721">
                <Capacity>7.06</Capacity>
                <Flowrate>4.09</Flowrate>
            </ToiletSpecs>
        </Toilets>
    </Plane>
    <Plane registration="LVF3818">
        <Customer>
            <Firstname>Inga</Firstname>
            <Lastname>Moreno</Lastname>
            <Address zip="77716" city="New Ryanport">
                <Street>Stephen Place</Street>
                <Housenumber>403</Housenumber>
            </Address>
        </Customer>
        <Toilets>
            <ToiletSpecs unitid="9f6bfdff-2449-480b-808e-3b59d9292301">
                <Capacity>17.0</Capacity>
                <Flowrate>4.37</Flowrate>
            </ToiletSpecs>
        </Toilets>
    </Plane>
    <Plane registration="PME4571">
        <Customer>
            <Firstname>Sila</Firstname>
            <Lastname>Schwartz</Lastname>
            <Address zip="16287" city="Danieltown">
                <Street>Taylor Mall</Street>
                <Housenumber>244</Housenumber>
            </Address>
        </Customer>
        <Toilets>
            <ToiletSpecs unitid="ea24ec80-ea3a-45c9-b907-39ac0f909beb">
                <Capacity>17.48</Capacity>
                <Flowrate>3.02</Flowrate>
            </ToiletSpecs>
        </Toilets>
    </Plane>
    <Plane registration="TRB1472">
        <Customer>
            <Firstname>Ismail</Firstname>
            <Lastname>Miranda</Lastname>
            <Address zip="25241" city="East Richard">
                <Street>Lynch Course</Street>
                <Housenumber>436</Housenumber>
            </Address>
        </Customer>
        <Toilets>
            <ToiletSpecs unitid="8ba8f89c-9c65-497b-852f-c73101ac8206">
                <Capacity>19.48</Capacity>
                <Flowrate>2.68</Flowrate>
            </ToiletSpecs>
            <ToiletSpecs unitid="947fe262-92c7-4bfc-8181-fcddf80e4552">
                <Capacity>9.34</Capacity>
                <Flowrate>3.93</Flowrate>
            </ToiletSpecs>
        </Toilets>
    </Plane>
    <Plane registration="CMU5297">
        <Customer>
            <Firstname>Talea</Firstname>
            <Lastname>Mills</Lastname>
            <Address zip="66480" city="Houstonfurt">
                <Street>Courtney Underpass</Street>
                <Housenumber>472</Housenumber>
            </Address>
        </Customer>
        <Toilets>
            <ToiletSpecs unitid="7e76c8c7-3969-48e9-87af-376b94678846">
                <Capacity>16.77</Capacity>
                <Flowrate>4.63</Flowrate>
            </ToiletSpecs>
        </Toilets>
    </Plane>
    <Plane registration="LLK5015">
        <Customer>
            <Firstname>Lenn</Firstname>
            <Lastname>Hodge</Lastname>
            <Address zip="84506" city="Meganport">
                <Street>Jeremy Courts</Street>
                <Housenumber>304</Housenumber>
            </Address>
        </Customer>
        <Toilets>
            <ToiletSpecs unitid="198b02f5-b692-43a5-90da-9c26224b7939">
                <Capacity>15.64</Capacity>
                <Flowrate>4.96</Flowrate>
            </ToiletSpecs>
        </Toilets>
    </Plane>
    <Plane registration="BXM1777">
        <Customer>
            <Firstname>Svea</Firstname>
            <Lastname>Parker</Lastname>
            <Address zip="17434" city="Reginaldmouth">
                <Street>Curtis Run</Street>
                <Housenumber>46</Housenumber>
            </Address>
        </Customer>
        <Toilets>
            <ToiletSpecs unitid="fa00ac4d-263d-46ba-bfae-60bcc7f58d78">
                <Capacity>19.64</Capacity>
                <Flowrate>4.59</Flowrate>
            </ToiletSpecs>
            <ToiletSpecs unitid="b4e7bf4f-f71a-4b0e-a4b9-5ad976a5f063">
                <Capacity>10.03</Capacity>
                <Flowrate>3.28</Flowrate>
            </ToiletSpecs>
        </Toilets>
    </Plane>
    <Plane registration="RKV0064">
        <Customer>
            <Firstname>Amadeus</Firstname>
            <Lastname>Leonard</Lastname>
            <Address zip="99178" city="Atkinsburgh">
                <Street>Jeffery Trace</Street>
                <Housenumber>356</Housenumber>
            </Address>
        </Customer>
        <Toilets>
            <ToiletSpecs unitid="2ff445fc-d10a-4caf-8f15-bd9ea3445a57">
                <Capacity>9.53</Capacity>
                <Flowrate>3.79</Flowrate>
            </ToiletSpecs>
        </Toilets>
    </Plane>
    <Plane registration="KWA9301">
        <Customer>
            <Firstname>Gero</Firstname>
            <Lastname>Foerster</Lastname>
            <Address zip="47700" city="Lake Phillip">
                <Street>Harris Junction</Street>
                <Housenumber>354</Housenumber>
            </Address>
        </Customer>
        <Toilets>
            <ToiletSpecs unitid="a86fe6c4-4840-4d8e-b57e-46ef5ab10664">
                <Capacity>17.26</Capacity>
                <Flowrate>4.01</Flowrate>
            </ToiletSpecs>
            <ToiletSpecs unitid="ba055f11-7b40-41b1-a44c-d6116d6f9881">
                <Capacity>7.37</Capacity>
                <Flowrate>2.71</Flowrate>
            </ToiletSpecs>
        </Toilets>
    </Plane>
    <Plane registration="ATX0416">
        <Customer>
            <Firstname>Jella</Firstname>
            <Lastname>Love</Lastname>
            <Address zip="20164" city="Westmouth">
                <Street>Farrell Mission</Street>
                <Housenumber>443</Housenumber>
            </Address>
        </Customer>
        <Toilets>
            <ToiletSpecs unitid="bffe702f-0601-43a9-a6b1-7e3f4689c5ef">
                <Capacity>7.02</Capacity>
                <Flowrate>4.32</Flowrate>
            </ToiletSpecs>
        </Toilets>
    </Plane>
    <Plane registration="KWA9301">
        <Customer>
            <Firstname>Gero</Firstname>
            <Lastname>Foerster</Lastname>
            <Address zip="47700" city="Lake Phillip">
                <Street>Harris Junction</Street>
                <Housenumber>354</Housenumber>
            </Address>
        </Customer>
        <Toilets>
            <ToiletSpecs unitid="a86fe6c4-4840-4d8e-b57e-46ef5ab10664">
                <Capacity>17.26</Capacity>
                <Flowrate>4.01</Flowrate>
            </ToiletSpecs>
            <ToiletSpecs unitid="ba055f11-7b40-41b1-a44c-d6116d6f9881">
                <Capacity>7.37</Capacity>
                <Flowrate>2.71</Flowrate>
            </ToiletSpecs>
        </Toilets>
    </Plane>
    <Plane registration="LFU2107">
        <Customer>
            <Firstname>Friederike</Firstname>
            <Lastname>Gallegos</Lastname>
            <Address zip="517" city="Danielsmouth">
                <Street>William Course</Street>
                <Housenumber>406</Housenumber>
            </Address>
        </Customer>
        <Toilets>
            <ToiletSpecs unitid="845fd6fb-2b6f-44dd-b107-634b7cab8b1a">
                <Capacity>6.75</Capacity>
                <Flowrate>3.68</Flowrate>
            </ToiletSpecs>
            <ToiletSpecs unitid="07adf871-597b-4bc2-96d8-fa84f382880b">
                <Capacity>16.87</Capacity>
                <Flowrate>2.99</Flowrate>
            </ToiletSpecs>
        </Toilets>
    </Plane>
    <Plane registration="DGK9894">
        <Customer>
            <Firstname>Madeleine</Firstname>
            <Lastname>Eaton</Lastname>
            <Address zip="19478" city="Duaneville">
                <Street>Erickson Ramp</Street>
                <Housenumber>269</Housenumber>
            </Address>
        </Customer>
        <Toilets>
            <ToiletSpecs unitid="77cf8e21-44bc-43b1-b747-db43bfcd6b56">
                <Capacity>8.05</Capacity>
                <Flowrate>3.24</Flowrate>
            </ToiletSpecs>
        </Toilets>
    </Plane>
    <Plane registration="MHM8553">
        <Customer>
            <Firstname>Amar</Firstname>
            <Lastname>Mcgee</Lastname>
            <Address zip="12531" city="Josephborough">
                <Street>Christopher Villages</Street>
                <Housenumber>286</Housenumber>
            </Address>
        </Customer>
        <Toilets>
            <ToiletSpecs unitid="0eea5d71-7f61-479a-83ca-0f08701e8372">
                <Capacity>7.95</Capacity>
                <Flowrate>3.25</Flowrate>
            </ToiletSpecs>
            <ToiletSpecs unitid="12ab9039-f0a0-4af9-b556-71cdf2be55c7">
                <Capacity>12.26</Capacity>
                <Flowrate>2.81</Flowrate>
            </ToiletSpecs>
        </Toilets>
    </Plane>
    <Plane registration="POR3207">
        <Customer>
            <Firstname>Emily</Firstname>
            <Lastname>Carey</Lastname>
            <Address zip="85734" city="Port Amanda">
                <Street>Lam Inlet</Street>
                <Housenumber>308</Housenumber>
            </Address>
        </Customer>
        <Toilets>
            <ToiletSpecs unitid="2439c5de-c3f0-4c65-aa81-a18bf51826e5">
                <Capacity>16.48</Capacity>
                <Flowrate>2.81</Flowrate>
            </ToiletSpecs>
            <ToiletSpecs unitid="39d2c158-da9e-4aa6-886b-61cfd6bf061e">
                <Capacity>15.81</Capacity>
                <Flowrate>3.52</Flowrate>
            </ToiletSpecs>
        </Toilets>
    </Plane>
    <Plane registration="WPU6364">
        <Customer>
            <Firstname>Sena</Firstname>
            <Lastname>Neumann</Lastname>
            <Address zip="72415" city="Lake David">
                <Street>Anthony Loop</Street>
                <Housenumber>432</Housenumber>
            </Address>
        </Customer>
        <Toilets>
            <ToiletSpecs unitid="49b143c4-cfc4-49ca-8b4e-079a72a2ff3f">
                <Capacity>5.89</Capacity>
                <Flowrate>4.86</Flowrate>
            </ToiletSpecs>
        </Toilets>
    </Plane>
    <Plane registration="MHM8553">
        <Customer>
            <Firstname>Amar</Firstname>
            <Lastname>Mcgee</Lastname>
            <Address zip="12531" city="Josephborough">
                <Street>Christopher Villages</Street>
                <Housenumber>286</Housenumber>
            </Address>
        </Customer>
        <Toilets>
            <ToiletSpecs unitid="0eea5d71-7f61-479a-83ca-0f08701e8372">
                <Capacity>7.95</Capacity>
                <Flowrate>3.25</Flowrate>
            </ToiletSpecs>
            <ToiletSpecs unitid="12ab9039-f0a0-4af9-b556-71cdf2be55c7">
                <Capacity>12.26</Capacity>
                <Flowrate>2.81</Flowrate>
            </ToiletSpecs>
        </Toilets>
    </Plane>
    <Plane registration="OUD1736">
        <Customer>
            <Firstname>Eduard</Firstname>
            <Lastname>Romero</Lastname>
            <Address zip="54497" city="Colemanhaven">
                <Street>Terri Spring</Street>
                <Housenumber>15</Housenumber>
            </Address>
        </Customer>
        <Toilets>
            <ToiletSpecs unitid="e79fd2e6-861d-40a5-a76e-6a51e8bb56e5">
                <Capacity>7.04</Capacity>
                <Flowrate>4.4</Flowrate>
            </ToiletSpecs>
        </Toilets>
    </Plane>
    <Plane registration="JWG2823">
        <Customer>
            <Firstname>Adelina</Firstname>
            <Lastname>Fuchs</Lastname>
            <Address zip="25020" city="Matthewtown">
                <Street>Robinson Stravenue</Street>
                <Housenumber>309</Housenumber>
            </Address>
        </Customer>
        <Toilets>
            <ToiletSpecs unitid="d639a324-a3e3-4f7d-9959-c76649969a34">
                <Capacity>7.66</Capacity>
                <Flowrate>2.6</Flowrate>
            </ToiletSpecs>
        </Toilets>
    </Plane>
    <Plane registration="QQH0245">
        <Customer>
            <Firstname>Berkay</Firstname>
            <Lastname>Graf</Lastname>
            <Address zip="33835" city="West John">
                <Street>Randolph Haven</Street>
                <Housenumber>176</Housenumber>
            </Address>
        </Customer>
        <Toilets>
            <ToiletSpecs unitid="6af9dcaf-2071-4d43-87c8-0551feea85ce">
                <Capacity>9.85</Capacity>
                <Flowrate>4.65</Flowrate>
            </ToiletSpecs>
            <ToiletSpecs unitid="92a5ea4c-9542-4979-9279-9ffcedd5b34d">
                <Capacity>10.19</Capacity>
                <Flowrate>2.36</Flowrate>
            </ToiletSpecs>
            <ToiletSpecs unitid="bfe0842e-c910-4a57-b051-bc1da537fc47">
                <Capacity>18.21</Capacity>
                <Flowrate>4.57</Flowrate>
            </ToiletSpecs>
        </Toilets>
    </Plane>
    <Plane registration="JBZ5913">
        <Customer>
            <Firstname>Marcel</Firstname>
            <Lastname>Silva</Lastname>
            <Address zip="51904" city="Lake Ryanton">
                <Street>Olson Isle</Street>
                <Housenumber>199</Housenumber>
            </Address>
        </Customer>
        <Toilets>
            <ToiletSpecs unitid="8f4d7d22-513e-4b02-bc34-d94a5d0e818f">
                <Capacity>18.57</Capacity>
                <Flowrate>3.38</Flowrate>
            </ToiletSpecs>
            <ToiletSpecs unitid="10e38948-79fa-4266-a559-df432558d953">
                <Capacity>5.56</Capacity>
                <Flowrate>3.51</Flowrate>
            </ToiletSpecs>
        </Toilets>
    </Plane>
    <Plane registration="YPO4491">
        <Customer>
            <Firstname>Korbinian</Firstname>
            <Lastname>Lucas</Lastname>
            <Address zip="48526" city="Angelafurt">
                <Street>Dominguez Mount</Street>
                <Housenumber>85</Housenumber>
            </Address>
        </Customer>
        <Toilets>
            <ToiletSpecs unitid="972f1069-2d4b-4959-949f-f3886602f921">
                <Capacity>12.24</Capacity>
                <Flowrate>4.18</Flowrate>
            </ToiletSpecs>
            <ToiletSpecs unitid="b5fdcc49-ec1d-42ec-8a40-01329885614e">
                <Capacity>8.2</Capacity>
                <Flowrate>2.07</Flowrate>
            </ToiletSpecs>
            <ToiletSpecs unitid="e71dea4e-a0bf-4e25-81fa-35dcf69fdf03">
                <Capacity>12.05</Capacity>
                <Flowrate>3.9</Flowrate>
            </ToiletSpecs>
        </Toilets>
    </Plane>
    <Plane registration="SPJ5551">
        <Customer>
            <Firstname>Hamza</Firstname>
            <Lastname>Cross</Lastname>
            <Address zip="28008" city="Yoderland">
                <Street>Michael Hill</Street>
                <Housenumber>386</Housenumber>
            </Address>
        </Customer>
        <Toilets>
            <ToiletSpecs unitid="4ab5ba98-4b3c-4bd5-94ed-d0256d331f37">
                <Capacity>19.95</Capacity>
                <Flowrate>2.34</Flowrate>
            </ToiletSpecs>
        </Toilets>
    </Plane>
    <Plane registration="OGR4311">
        <Customer>
            <Firstname>Marian</Firstname>
            <Lastname>Adams</Lastname>
            <Address zip="78994" city="Bobbyburgh">
                <Street>Carter Highway</Street>
                <Housenumber>286</Housenumber>
            </Address>
        </Customer>
        <Toilets>
            <ToiletSpecs unitid="1a35352c-ee06-49c6-bbba-4ed33cbaa62a">
                <Capacity>11.67</Capacity>
                <Flowrate>4.65</Flowrate>
            </ToiletSpecs>
            <ToiletSpecs unitid="f8ef9f76-b4ba-4dc2-befb-ea5a975825c2">
                <Capacity>11.11</Capacity>
                <Flowrate>2.17</Flowrate>
            </ToiletSpecs>
        </Toilets>
    </Plane>
    <Plane registration="ACA0540">
        <Customer>
            <Firstname>Fabienne</Firstname>
            <Lastname>Hayes</Lastname>
            <Address zip="5840" city="East Marymouth">
                <Street>Cantu Road</Street>
                <Housenumber>281</Housenumber>
            </Address>
        </Customer>
        <Toilets>
            <ToiletSpecs unitid="e43caabc-4b9a-4939-854c-8a9a9f2dbc73">
                <Capacity>16.86</Capacity>
                <Flowrate>4.15</Flowrate>
            </ToiletSpecs>
            <ToiletSpecs unitid="d344b1eb-0d08-4ba3-9327-d9a627628f74">
                <Capacity>9.29</Capacity>
                <Flowrate>2.77</Flowrate>
            </ToiletSpecs>
        </Toilets>
    </Plane>
    <Plane registration="FIQ4279">
        <Customer>
            <Firstname>Leona</Firstname>
            <Lastname>Summers</Lastname>
            <Address zip="24469" city="Lake Matthewstad">
                <Street>Gardner Place</Street>
                <Housenumber>218</Housenumber>
            </Address>
        </Customer>
        <Toilets>
            <ToiletSpecs unitid="4e5aef03-8d3a-4076-b974-e1700c3c2616">
                <Capacity>11.43</Capacity>
                <Flowrate>2.35</Flowrate>
            </ToiletSpecs>
            <ToiletSpecs unitid="cc3524e5-cdd7-4809-aa28-655da75e5083">
                <Capacity>17.71</Capacity>
                <Flowrate>2.04</Flowrate>
            </ToiletSpecs>
        </Toilets>
    </Plane>
    <Plane registration="IUY1622">
        <Customer>
            <Firstname>Kaethe</Firstname>
            <Lastname>Palmer</Lastname>
            <Address zip="92658" city="Lake Tonya">
                <Street>Wall Prairie</Street>
                <Housenumber>194</Housenumber>
            </Address>
        </Customer>
        <Toilets>
            <ToiletSpecs unitid="4e29cd24-c2c4-4740-8bf7-2866fe78d263">
                <Capacity>12.85</Capacity>
                <Flowrate>3.1</Flowrate>
            </ToiletSpecs>
            <ToiletSpecs unitid="df901f3f-80c2-4c11-b66d-2f9da786c393">
                <Capacity>13.81</Capacity>
                <Flowrate>2.48</Flowrate>
            </ToiletSpecs>
        </Toilets>
    </Plane>
    <Plane registration="NVT4593">
        <Customer>
            <Firstname>Samu</Firstname>
            <Lastname>Torres</Lastname>
            <Address zip="43725" city="New Ashleyport">
                <Street>Christina Summit</Street>
                <Housenumber>14</Housenumber>
            </Address>
        </Customer>
        <Toilets>
            <ToiletSpecs unitid="999aa634-bbf9-43bd-b37b-bbe8a4f4c662">
                <Capacity>7.17</Capacity>
                <Flowrate>4.68</Flowrate>
            </ToiletSpecs>
        </Toilets>
    </Plane>
    <Plane registration="SHN3872">
        <Customer>
            <Firstname>Alessia</Firstname>
            <Lastname>Franklin</Lastname>
            <Address zip="10212" city="Heatherfort">
                <Street>Randy Views</Street>
                <Housenumber>109</Housenumber>
            </Address>
        </Customer>
        <Toilets>
            <ToiletSpecs unitid="473ca99a-c643-445f-bcdc-74d1e6d85d7c">
                <Capacity>5.93</Capacity>
                <Flowrate>2.14</Flowrate>
            </ToiletSpecs>
        </Toilets>
    </Plane>
    <Plane registration="JIQ7468">
        <Customer>
            <Firstname>Marius</Firstname>
            <Lastname>Koenig</Lastname>
            <Address zip="83972" city="New Dylan">
                <Street>Williams Road</Street>
                <Housenumber>457</Housenumber>
            </Address>
        </Customer>
        <Toilets>
            <ToiletSpecs unitid="4f4a7943-c73b-42b4-b108-c6ab4d2c8b33">
                <Capacity>6.31</Capacity>
                <Flowrate>2.64</Flowrate>
            </ToiletSpecs>
        </Toilets>
    </Plane>
    <Plane registration="JBZ5913">
        <Customer>
            <Firstname>Marcel</Firstname>
            <Lastname>Silva</Lastname>
            <Address zip="51904" city="Lake Ryanton">
                <Street>Olson Isle</Street>
                <Housenumber>199</Housenumber>
            </Address>
        </Customer>
        <Toilets>
            <ToiletSpecs unitid="8f4d7d22-513e-4b02-bc34-d94a5d0e818f">
                <Capacity>18.57</Capacity>
                <Flowrate>3.38</Flowrate>
            </ToiletSpecs>
            <ToiletSpecs unitid="10e38948-79fa-4266-a559-df432558d953">
                <Capacity>5.56</Capacity>
                <Flowrate>3.51</Flowrate>
            </ToiletSpecs>
        </Toilets>
    </Plane>
    <Plane registration="WMK1937">
        <Customer>
            <Firstname>Melvin</Firstname>
            <Lastname>Garrett</Lastname>
            <Address zip="95799" city="Colemanfort">
                <Street>Green Loaf</Street>
                <Housenumber>373</Housenumber>
            </Address>
        </Customer>
        <Toilets>
            <ToiletSpecs unitid="dff784b0-0d2a-46f6-a339-26951e4434e2">
                <Capacity>11.03</Capacity>
                <Flowrate>4.97</Flowrate>
            </ToiletSpecs>
            <ToiletSpecs unitid="72cd2fe9-e534-4688-8e08-7905d024ac79">
                <Capacity>5.66</Capacity>
                <Flowrate>2.55</Flowrate>
            </ToiletSpecs>
            <ToiletSpecs unitid="7071094c-8abf-4e32-b5ea-220f481fa54a">
                <Capacity>6.83</Capacity>
                <Flowrate>4.26</Flowrate>
            </ToiletSpecs>
            <ToiletSpecs unitid="50d1b4e6-71da-4fc6-82ef-547cde3af721">
                <Capacity>7.06</Capacity>
                <Flowrate>4.09</Flowrate>
            </ToiletSpecs>
        </Toilets>
    </Plane>
    <Plane registration="QOD5773">
        <Customer>
            <Firstname>Alena</Firstname>
            <Lastname>Paul</Lastname>
            <Address zip="54436" city="Port Christinaberg">
                <Street>Matthew View</Street>
                <Housenumber>160</Housenumber>
            </Address>
        </Customer>
        <Toilets>
            <ToiletSpecs unitid="0aacefbd-cbb6-404f-8327-340518c584e6">
                <Capacity>8.63</Capacity>
                <Flowrate>2.22</Flowrate>
            </ToiletSpecs>
        </Toilets>
    </Plane>
    <Plane registration="HKC8258">
        <Customer>
            <Firstname>Katja</Firstname>
            <Lastname>Colon</Lastname>
            <Address zip="56535" city="Justintown">
                <Street>Sandra Center</Street>
                <Housenumber>122</Housenumber>
            </Address>
        </Customer>
        <Toilets>
            <ToiletSpecs unitid="f3b39458-193c-486e-9b3b-486a3e441ef4">
                <Capacity>8.09</Capacity>
                <Flowrate>3.04</Flowrate>
            </ToiletSpecs>
        </Toilets>
    </Plane>
    <Plane registration="HIK0630">
        <Customer>
            <Firstname>Ilja</Firstname>
            <Lastname>Gerlach</Lastname>
            <Address zip="42053" city="Jacquelineview">
                <Street>Cox Dale</Street>
                <Housenumber>368</Housenumber>
            </Address>
        </Customer>
        <Toilets>
            <ToiletSpecs unitid="4fa440dc-809f-47d5-9068-1a97c8a93eec">
                <Capacity>19.2</Capacity>
                <Flowrate>2.33</Flowrate>
            </ToiletSpecs>
        </Toilets>
    </Plane>
    <Plane registration="QQH0245">
        <Customer>
            <Firstname>Berkay</Firstname>
            <Lastname>Graf</Lastname>
            <Address zip="33835" city="West John">
                <Street>Randolph Haven</Street>
                <Housenumber>176</Housenumber>
            </Address>
        </Customer>
        <Toilets>
            <ToiletSpecs unitid="6af9dcaf-2071-4d43-87c8-0551feea85ce">
                <Capacity>9.85</Capacity>
                <Flowrate>4.65</Flowrate>
            </ToiletSpecs>
            <ToiletSpecs unitid="92a5ea4c-9542-4979-9279-9ffcedd5b34d">
                <Capacity>10.19</Capacity>
                <Flowrate>2.36</Flowrate>
            </ToiletSpecs>
            <ToiletSpecs unitid="bfe0842e-c910-4a57-b051-bc1da537fc47">
                <Capacity>18.21</Capacity>
                <Flowrate>4.57</Flowrate>
            </ToiletSpecs>
        </Toilets>
    </Plane>
    <Plane registration="MPN6332">
        <Customer>
            <Firstname>Lian</Firstname>
            <Lastname>Kuhn</Lastname>
            <Address zip="27169" city="Williamton">
                <Street>Wiggins Rapid</Street>
                <Housenumber>386</Housenumber>
            </Address>
        </Customer>
        <Toilets>
            <ToiletSpecs unitid="3c88fe77-c00f-4047-bacb-2ec5163fa856">
                <Capacity>18.9</Capacity>
                <Flowrate>4.93</Flowrate>
            </ToiletSpecs>
        </Toilets>
    </Plane>
    <Plane registration="SIY2130">
        <Customer>
            <Firstname>Harald</Firstname>
            <Lastname>Wolff</Lastname>
            <Address zip="57311" city="East Michael">
                <Street>Ramirez Common</Street>
                <Housenumber>292</Housenumber>
            </Address>
        </Customer>
        <Toilets>
            <ToiletSpecs unitid="662ef757-7172-4440-b356-7f1c79fd01a6">
                <Capacity>9.24</Capacity>
                <Flowrate>2.92</Flowrate>
            </ToiletSpecs>
        </Toilets>
    </Plane>
    <Plane registration="LYG3658">
        <Customer>
            <Firstname>Elissa</Firstname>
            <Lastname>Rogers</Lastname>
            <Address zip="42201" city="South Williamstad">
                <Street>Marcus Gardens</Street>
                <Housenumber>197</Housenumber>
            </Address>
        </Customer>
        <Toilets>
            <ToiletSpecs unitid="6177eaa9-d2ed-4d45-b762-b917cfcb3741">
                <Capacity>17.48</Capacity>
                <Flowrate>2.82</Flowrate>
            </ToiletSpecs>
            <ToiletSpecs unitid="6fc67fdd-de3f-4c7b-ba76-b29d8d54e780">
                <Capacity>6.5</Capacity>
                <Flowrate>4.58</Flowrate>
            </ToiletSpecs>
        </Toilets>
    </Plane>
    <Plane registration="GED3500">
        <Customer>
            <Firstname>Saphira</Firstname>
            <Lastname>Heilig</Lastname>
            <Address zip="33509" city="New Tannerland">
                <Street>Wheeler Meadows</Street>
                <Housenumber>110</Housenumber>
            </Address>
        </Customer>
        <Toilets>
            <ToiletSpecs unitid="9ce4037e-a58f-4586-9a65-3430723e8945">
                <Capacity>14.41</Capacity>
                <Flowrate>2.92</Flowrate>
            </ToiletSpecs>
            <ToiletSpecs unitid="e71b4071-f8ea-4bac-ab02-f4abcf912e05">
                <Capacity>8.87</Capacity>
                <Flowrate>4.84</Flowrate>
            </ToiletSpecs>
            <ToiletSpecs unitid="f93e0258-69ed-45bc-aa0f-f90dcacf71bd">
                <Capacity>12.84</Capacity>
                <Flowrate>4.82</Flowrate>
            </ToiletSpecs>
        </Toilets>
    </Plane>
    <Plane registration="YPO4491">
        <Customer>
            <Firstname>Korbinian</Firstname>
            <Lastname>Lucas</Lastname>
            <Address zip="48526" city="Angelafurt">
                <Street>Dominguez Mount</Street>
                <Housenumber>85</Housenumber>
            </Address>
        </Customer>
        <Toilets>
            <ToiletSpecs unitid="972f1069-2d4b-4959-949f-f3886602f921">
                <Capacity>12.24</Capacity>
                <Flowrate>4.18</Flowrate>
            </ToiletSpecs>
            <ToiletSpecs unitid="b5fdcc49-ec1d-42ec-8a40-01329885614e">
                <Capacity>8.2</Capacity>
                <Flowrate>2.07</Flowrate>
            </ToiletSpecs>
            <ToiletSpecs unitid="e71dea4e-a0bf-4e25-81fa-35dcf69fdf03">
                <Capacity>12.05</Capacity>
                <Flowrate>3.9</Flowrate>
            </ToiletSpecs>
        </Toilets>
    </Plane>
    <Plane registration="HMV0400">
        <Customer>
            <Firstname>Mieke</Firstname>
            <Lastname>Powell</Lastname>
            <Address zip="49043" city="Elizabethmouth">
                <Street>Byrd Shore</Street>
                <Housenumber>443</Housenumber>
            </Address>
        </Customer>
        <Toilets>
            <ToiletSpecs unitid="292b55dd-53a6-40a5-965b-b0355edc038e">
                <Capacity>7.19</Capacity>
                <Flowrate>4.78</Flowrate>
            </ToiletSpecs>
        </Toilets>
    </Plane>
    <Plane registration="POR3207">
        <Customer>
            <Firstname>Emily</Firstname>
            <Lastname>Carey</Lastname>
            <Address zip="85734" city="Port Amanda">
                <Street>Lam Inlet</Street>
                <Housenumber>308</Housenumber>
            </Address>
        </Customer>
        <Toilets>
            <ToiletSpecs unitid="2439c5de-c3f0-4c65-aa81-a18bf51826e5">
                <Capacity>16.48</Capacity>
                <Flowrate>2.81</Flowrate>
            </ToiletSpecs>
            <ToiletSpecs unitid="39d2c158-da9e-4aa6-886b-61cfd6bf061e">
                <Capacity>15.81</Capacity>
                <Flowrate>3.52</Flowrate>
            </ToiletSpecs>
        </Toilets>
    </Plane>
    <Plane registration="OXD7242">
        <Customer>
            <Firstname>Ben</Firstname>
            <Lastname>Christensen</Lastname>
            <Address zip="54271" city="South Leeland">
                <Street>Johnson Stream</Street>
                <Housenumber>293</Housenumber>
            </Address>
        </Customer>
        <Toilets>
            <ToiletSpecs unitid="60129fea-cf19-4d90-b680-1c4eab5c292d">
                <Capacity>17.1</Capacity>
                <Flowrate>2.48</Flowrate>
            </ToiletSpecs>
        </Toilets>
    </Plane>
    <Plane registration="JAH1777">
        <Customer>
            <Firstname>Nathanael</Firstname>
            <Lastname>Ryan</Lastname>
            <Address zip="61332" city="West Courtneytown">
                <Street>Lee Forge</Street>
                <Housenumber>228</Housenumber>
            </Address>
        </Customer>
        <Toilets>
            <ToiletSpecs unitid="ddf0a6ea-4598-44ca-8be7-79bd9c7fbb8e">
                <Capacity>19.15</Capacity>
                <Flowrate>4.47</Flowrate>
            </ToiletSpecs>
            <ToiletSpecs unitid="b3bbd260-10ea-4102-b261-15126900d490">
                <Capacity>6.72</Capacity>
                <Flowrate>3.28</Flowrate>
            </ToiletSpecs>
        </Toilets>
    </Plane>
    <Plane registration="AVA2027">
        <Customer>
            <Firstname>Larissa</Firstname>
            <Lastname>Mack</Lastname>
            <Address zip="26069" city="Floresside">
                <Street>Judith Rue</Street>
                <Housenumber>363</Housenumber>
            </Address>
        </Customer>
        <Toilets>
            <ToiletSpecs unitid="f702f254-e393-4697-abc8-eab0832c4812">
                <Capacity>5.8</Capacity>
                <Flowrate>3.99</Flowrate>
            </ToiletSpecs>
        </Toilets>
    </Plane>
    <Plane registration="FHH2020">
        <Customer>
            <Firstname>Michelle</Firstname>
            <Lastname>Moore</Lastname>
            <Address zip="44878" city="North Henryside">
                <Street>Le Field</Street>
                <Housenumber>207</Housenumber>
            </Address>
        </Customer>
        <Toilets>
            <ToiletSpecs unitid="74e308ab-f3b9-41b2-9681-3f600d84c0c7">
                <Capacity>15.79</Capacity>
                <Flowrate>2.1</Flowrate>
            </ToiletSpecs>
        </Toilets>
    </Plane>
    <Plane registration="FJQ4391">
        <Customer>
            <Firstname>Ashley</Firstname>
            <Lastname>Salazar</Lastname>
            <Address zip="84762" city="Davidland">
                <Street>Rodriguez Parks</Street>
                <Housenumber>216</Housenumber>
            </Address>
        </Customer>
        <Toilets>
            <ToiletSpecs unitid="fdf8d81f-39e6-4d18-8679-ca578c1d6d50">
                <Capacity>19.61</Capacity>
                <Flowrate>2.71</Flowrate>
            </ToiletSpecs>
        </Toilets>
    </Plane>
    <Plane registration="UXH3561">
        <Customer>
            <Firstname>Emanuel</Firstname>
            <Lastname>Stephan</Lastname>
            <Address zip="53642" city="East Alexandra">
                <Street>Baker Underpass</Street>
                <Housenumber>287</Housenumber>
            </Address>
        </Customer>
        <Toilets>
            <ToiletSpecs unitid="1f9be300-03de-4a1f-aaa4-d05a87a8aac2">
                <Capacity>7.85</Capacity>
                <Flowrate>3.35</Flowrate>
            </ToiletSpecs>
        </Toilets>
    </Plane>
    <Plane registration="OGR4311">
        <Customer>
            <Firstname>Marian</Firstname>
            <Lastname>Adams</Lastname>
            <Address zip="78994" city="Bobbyburgh">
                <Street>Carter Highway</Street>
                <Housenumber>286</Housenumber>
            </Address>
        </Customer>
        <Toilets>
            <ToiletSpecs unitid="1a35352c-ee06-49c6-bbba-4ed33cbaa62a">
                <Capacity>11.67</Capacity>
                <Flowrate>4.65</Flowrate>
            </ToiletSpecs>
            <ToiletSpecs unitid="f8ef9f76-b4ba-4dc2-befb-ea5a975825c2">
                <Capacity>11.11</Capacity>
                <Flowrate>2.17</Flowrate>
            </ToiletSpecs>
        </Toilets>
    </Plane>
    <Plane registration="LRI5418">
        <Customer>
            <Firstname>Amar</Firstname>
            <Lastname>Lane</Lastname>
            <Address zip="15172" city="New Earlburgh">
                <Street>Mckinney Harbor</Street>
                <Housenumber>366</Housenumber>
            </Address>
        </Customer>
        <Toilets>
            <ToiletSpecs unitid="91cbc3dd-17f7-416a-9553-8400301f2956">
                <Capacity>19.16</Capacity>
                <Flowrate>3.65</Flowrate>
            </ToiletSpecs>
            <ToiletSpecs unitid="66ac542e-9530-4ccb-ad96-3fb6474a7cb8">
                <Capacity>14.38</Capacity>
                <Flowrate>2.59</Flowrate>
            </ToiletSpecs>
            <ToiletSpecs unitid="30675110-cb66-4aba-8a71-71fca2a097db">
                <Capacity>18.26</Capacity>
                <Flowrate>2.82</Flowrate>
            </ToiletSpecs>
        </Toilets>
    </Plane>
    <Plane registration="COQ0294">
        <Customer>
            <Firstname>Miriam</Firstname>
            <Lastname>Mckenzie</Lastname>
            <Address zip="6544" city="Briannabury">
                <Street>Hughes Ford</Street>
                <Housenumber>136</Housenumber>
            </Address>
        </Customer>
        <Toilets>
            <ToiletSpecs unitid="26d6fee5-b7e5-4151-945d-7737a880d2fa">
                <Capacity>17.95</Capacity>
                <Flowrate>4.81</Flowrate>
            </ToiletSpecs>
        </Toilets>
    </Plane>
    <Plane registration="CHI9431">
        <Customer>
            <Firstname>Darian</Firstname>
            <Lastname>Herzog</Lastname>
            <Address zip="40506" city="New Christy">
                <Street>Jonathan Squares</Street>
                <Housenumber>463</Housenumber>
            </Address>
        </Customer>
        <Toilets>
            <ToiletSpecs unitid="e0b6bfe4-3ecb-4544-8494-aba6cd0b3137">
                <Capacity>14.74</Capacity>
                <Flowrate>2.42</Flowrate>
            </ToiletSpecs>
        </Toilets>
    </Plane>
    <Plane registration="QWB7766">
        <Customer>
            <Firstname>Tabea</Firstname>
            <Lastname>Garner</Lastname>
            <Address zip="17661" city="Melissaland">
                <Street>Cooper Square</Street>
                <Housenumber>437</Housenumber>
            </Address>
        </Customer>
        <Toilets>
            <ToiletSpecs unitid="4781cccb-b2f7-4e81-a582-caa31a0e6820">
                <Capacity>18.78</Capacity>
                <Flowrate>3.73</Flowrate>
            </ToiletSpecs>
        </Toilets>
    </Plane>
    <Plane registration="TZX2428">
        <Customer>
            <Firstname>Seyit</Firstname>
            <Lastname>Pittman</Lastname>
            <Address zip="74337" city="West Stevenburgh">
                <Street>Alexander Manor</Street>
                <Housenumber>325</Housenumber>
            </Address>
        </Customer>
        <Toilets>
            <ToiletSpecs unitid="5fe4184c-34a4-47b6-89a1-fc0bbd20311c">
                <Capacity>10.3</Capacity>
                <Flowrate>4.67</Flowrate>
            </ToiletSpecs>
        </Toilets>
    </Plane>
    <Plane registration="GED3500">
        <Customer>
            <Firstname>Saphira</Firstname>
            <Lastname>Heilig</Lastname>
            <Address zip="33509" city="New Tannerland">
                <Street>Wheeler Meadows</Street>
                <Housenumber>110</Housenumber>
            </Address>
        </Customer>
        <Toilets>
            <ToiletSpecs unitid="9ce4037e-a58f-4586-9a65-3430723e8945">
                <Capacity>14.41</Capacity>
                <Flowrate>2.92</Flowrate>
            </ToiletSpecs>
            <ToiletSpecs unitid="e71b4071-f8ea-4bac-ab02-f4abcf912e05">
                <Capacity>8.87</Capacity>
                <Flowrate>4.84</Flowrate>
            </ToiletSpecs>
            <ToiletSpecs unitid="f93e0258-69ed-45bc-aa0f-f90dcacf71bd">
                <Capacity>12.84</Capacity>
                <Flowrate>4.82</Flowrate>
            </ToiletSpecs>
        </Toilets>
    </Plane>
    <Plane registration="WMK1937">
        <Customer>
            <Firstname>Melvin</Firstname>
            <Lastname>Garrett</Lastname>
            <Address zip="95799" city="Colemanfort">
                <Street>Green Loaf</Street>
                <Housenumber>373</Housenumber>
            </Address>
        </Customer>
        <Toilets>
            <ToiletSpecs unitid="dff784b0-0d2a-46f6-a339-26951e4434e2">
                <Capacity>11.03</Capacity>
                <Flowrate>4.97</Flowrate>
            </ToiletSpecs>
            <ToiletSpecs unitid="72cd2fe9-e534-4688-8e08-7905d024ac79">
                <Capacity>5.66</Capacity>
                <Flowrate>2.55</Flowrate>
            </ToiletSpecs>
            <ToiletSpecs unitid="7071094c-8abf-4e32-b5ea-220f481fa54a">
                <Capacity>6.83</Capacity>
                <Flowrate>4.26</Flowrate>
            </ToiletSpecs>
            <ToiletSpecs unitid="50d1b4e6-71da-4fc6-82ef-547cde3af721">
                <Capacity>7.06</Capacity>
                <Flowrate>4.09</Flowrate>
            </ToiletSpecs>
        </Toilets>
    </Plane>
    <Plane registration="ZAG0587">
        <Customer>
            <Firstname>Ahmet</Firstname>
            <Lastname>Kirk</Lastname>
            <Address zip="26834" city="Stephanieberg">
                <Street>Megan Isle</Street>
                <Housenumber>192</Housenumber>
            </Address>
        </Customer>
        <Toilets>
            <ToiletSpecs unitid="5f648758-45bc-41ff-8125-4dd5977eabaa">
                <Capacity>13.73</Capacity>
                <Flowrate>4.5</Flowrate>
            </ToiletSpecs>
            <ToiletSpecs unitid="13d7cb6c-1ad0-4abc-8cbd-548eed69cbab">
                <Capacity>17.77</Capacity>
                <Flowrate>3.61</Flowrate>
            </ToiletSpecs>
            <ToiletSpecs unitid="2d8056bd-b7be-4af3-be38-99689ddf09bd">
                <Capacity>10.2</Capacity>
                <Flowrate>3.47</Flowrate>
            </ToiletSpecs>
        </Toilets>
    </Plane>
    <Plane registration="DON0377">
        <Customer>
            <Firstname>Miriam</Firstname>
            <Lastname>Mckenzie</Lastname>
            <Address zip="6544" city="Briannabury">
                <Street>Hughes Ford</Street>
                <Housenumber>136</Housenumber>
            </Address>
        </Customer>
        <Toilets>
            <ToiletSpecs unitid="ebfc13ad-8a4c-4a15-a79e-c235bfaa0c72">
                <Capacity>12.98</Capacity>
                <Flowrate>3.71</Flowrate>
            </ToiletSpecs>
        </Toilets>
    </Plane>
    <Plane registration="HJQ2764">
        <Customer>
            <Firstname>Vito</Firstname>
            <Lastname>Robbins</Lastname>
            <Address zip="82659" city="West Nicholasburgh">
                <Street>Edward Lodge</Street>
                <Housenumber>275</Housenumber>
            </Address>
        </Customer>
        <Toilets>
            <ToiletSpecs unitid="7272a344-e77e-4ab9-9e7e-cb89c0a01b55">
                <Capacity>9.4</Capacity>
                <Flowrate>3.9</Flowrate>
            </ToiletSpecs>
            <ToiletSpecs unitid="5b38eae6-5d5f-443c-9293-7834b2135cfc">
                <Capacity>8.44</Capacity>
                <Flowrate>4.2</Flowrate>
            </ToiletSpecs>
        </Toilets>
    </Plane>
    <Plane registration="HJQ2764">
        <Customer>
            <Firstname>Vito</Firstname>
            <Lastname>Robbins</Lastname>
            <Address zip="82659" city="West Nicholasburgh">
                <Street>Edward Lodge</Street>
                <Housenumber>275</Housenumber>
            </Address>
        </Customer>
        <Toilets>
            <ToiletSpecs unitid="7272a344-e77e-4ab9-9e7e-cb89c0a01b55">
                <Capacity>9.4</Capacity>
                <Flowrate>3.9</Flowrate>
            </ToiletSpecs>
            <ToiletSpecs unitid="5b38eae6-5d5f-443c-9293-7834b2135cfc">
                <Capacity>8.44</Capacity>
                <Flowrate>4.2</Flowrate>
            </ToiletSpecs>
        </Toilets>
    </Plane>
    <Plane registration="LFU2107">
        <Customer>
            <Firstname>Friederike</Firstname>
            <Lastname>Gallegos</Lastname>
            <Address zip="517" city="Danielsmouth">
                <Street>William Course</Street>
                <Housenumber>406</Housenumber>
            </Address>
        </Customer>
        <Toilets>
            <ToiletSpecs unitid="845fd6fb-2b6f-44dd-b107-634b7cab8b1a">
                <Capacity>6.75</Capacity>
                <Flowrate>3.68</Flowrate>
            </ToiletSpecs>
            <ToiletSpecs unitid="07adf871-597b-4bc2-96d8-fa84f382880b">
                <Capacity>16.87</Capacity>
                <Flowrate>2.99</Flowrate>
            </ToiletSpecs>
        </Toilets>
    </Plane>
    <Plane registration="QQH0245">
        <Customer>
            <Firstname>Berkay</Firstname>
            <Lastname>Graf</Lastname>
            <Address zip="33835" city="West John">
                <Street>Randolph Haven</Street>
                <Housenumber>176</Housenumber>
            </Address>
        </Customer>
        <Toilets>
            <ToiletSpecs unitid="6af9dcaf-2071-4d43-87c8-0551feea85ce">
                <Capacity>9.85</Capacity>
                <Flowrate>4.65</Flowrate>
            </ToiletSpecs>
            <ToiletSpecs unitid="92a5ea4c-9542-4979-9279-9ffcedd5b34d">
                <Capacity>10.19</Capacity>
                <Flowrate>2.36</Flowrate>
            </ToiletSpecs>
            <ToiletSpecs unitid="bfe0842e-c910-4a57-b051-bc1da537fc47">
                <Capacity>18.21</Capacity>
                <Flowrate>4.57</Flowrate>
            </ToiletSpecs>
        </Toilets>
    </Plane>
    <Plane registration="YPO4491">
        <Customer>
            <Firstname>Korbinian</Firstname>
            <Lastname>Lucas</Lastname>
            <Address zip="48526" city="Angelafurt">
                <Street>Dominguez Mount</Street>
                <Housenumber>85</Housenumber>
            </Address>
        </Customer>
        <Toilets>
            <ToiletSpecs unitid="972f1069-2d4b-4959-949f-f3886602f921">
                <Capacity>12.24</Capacity>
                <Flowrate>4.18</Flowrate>
            </ToiletSpecs>
            <ToiletSpecs unitid="b5fdcc49-ec1d-42ec-8a40-01329885614e">
                <Capacity>8.2</Capacity>
                <Flowrate>2.07</Flowrate>
            </ToiletSpecs>
            <ToiletSpecs unitid="e71dea4e-a0bf-4e25-81fa-35dcf69fdf03">
                <Capacity>12.05</Capacity>
                <Flowrate>3.9</Flowrate>
            </ToiletSpecs>
        </Toilets>
    </Plane>
    <Plane registration="GLG3116">
        <Customer>
            <Firstname>Valentina</Firstname>
            <Lastname>Gonzales</Lastname>
            <Address zip="42999" city="New Jasmineport">
                <Street>Williams Rapid</Street>
                <Housenumber>412</Housenumber>
            </Address>
        </Customer>
        <Toilets>
            <ToiletSpecs unitid="b1673d44-2290-4517-82b4-de0d4e2d8370">
                <Capacity>15.61</Capacity>
                <Flowrate>3.79</Flowrate>
            </ToiletSpecs>
        </Toilets>
    </Plane>
    <Plane registration="ZAG0587">
        <Customer>
            <Firstname>Ahmet</Firstname>
            <Lastname>Kirk</Lastname>
            <Address zip="26834" city="Stephanieberg">
                <Street>Megan Isle</Street>
                <Housenumber>192</Housenumber>
            </Address>
        </Customer>
        <Toilets>
            <ToiletSpecs unitid="5f648758-45bc-41ff-8125-4dd5977eabaa">
                <Capacity>13.73</Capacity>
                <Flowrate>4.5</Flowrate>
            </ToiletSpecs>
            <ToiletSpecs unitid="13d7cb6c-1ad0-4abc-8cbd-548eed69cbab">
                <Capacity>17.77</Capacity>
                <Flowrate>3.61</Flowrate>
            </ToiletSpecs>
            <ToiletSpecs unitid="2d8056bd-b7be-4af3-be38-99689ddf09bd">
                <Capacity>10.2</Capacity>
                <Flowrate>3.47</Flowrate>
            </ToiletSpecs>
        </Toilets>
    </Plane>
    <Plane registration="LQW5936">
        <Customer>
            <Firstname>Hannah</Firstname>
            <Lastname>Pena</Lastname>
            <Address zip="13435" city="North Richard">
                <Street>Julia Street</Street>
                <Housenumber>330</Housenumber>
            </Address>
        </Customer>
        <Toilets>
            <ToiletSpecs unitid="3500929a-516e-463a-a923-a63820cc6e31">
                <Capacity>15.11</Capacity>
                <Flowrate>2.05</Flowrate>
            </ToiletSpecs>
            <ToiletSpecs unitid="e91427d8-a84d-4bda-8001-7c84db3e7dcc">
                <Capacity>18.01</Capacity>
                <Flowrate>3.53</Flowrate>
            </ToiletSpecs>
        </Toilets>
    </Plane>
    <Plane registration="IUY1622">
        <Customer>
            <Firstname>Kaethe</Firstname>
            <Lastname>Palmer</Lastname>
            <Address zip="92658" city="Lake Tonya">
                <Street>Wall Prairie</Street>
                <Housenumber>194</Housenumber>
            </Address>
        </Customer>
        <Toilets>
            <ToiletSpecs unitid="4e29cd24-c2c4-4740-8bf7-2866fe78d263">
                <Capacity>12.85</Capacity>
                <Flowrate>3.1</Flowrate>
            </ToiletSpecs>
            <ToiletSpecs unitid="df901f3f-80c2-4c11-b66d-2f9da786c393">
                <Capacity>13.81</Capacity>
                <Flowrate>2.48</Flowrate>
            </ToiletSpecs>
        </Toilets>
    </Plane>
    <Plane registration="BXM1777">
        <Customer>
            <Firstname>Svea</Firstname>
            <Lastname>Parker</Lastname>
            <Address zip="17434" city="Reginaldmouth">
                <Street>Curtis Run</Street>
                <Housenumber>46</Housenumber>
            </Address>
        </Customer>
        <Toilets>
            <ToiletSpecs unitid="fa00ac4d-263d-46ba-bfae-60bcc7f58d78">
                <Capacity>19.64</Capacity>
                <Flowrate>4.59</Flowrate>
            </ToiletSpecs>
            <ToiletSpecs unitid="b4e7bf4f-f71a-4b0e-a4b9-5ad976a5f063">
                <Capacity>10.03</Capacity>
                <Flowrate>3.28</Flowrate>
            </ToiletSpecs>
        </Toilets>
    </Plane>
    <Plane registration="TRB1472">
        <Customer>
            <Firstname>Ismail</Firstname>
            <Lastname>Miranda</Lastname>
            <Address zip="25241" city="East Richard">
                <Street>Lynch Course</Street>
                <Housenumber>436</Housenumber>
            </Address>
        </Customer>
        <Toilets>
            <ToiletSpecs unitid="8ba8f89c-9c65-497b-852f-c73101ac8206">
                <Capacity>19.48</Capacity>
                <Flowrate>2.68</Flowrate>
            </ToiletSpecs>
            <ToiletSpecs unitid="947fe262-92c7-4bfc-8181-fcddf80e4552">
                <Capacity>9.34</Capacity>
                <Flowrate>3.93</Flowrate>
            </ToiletSpecs>
        </Toilets>
    </Plane>
    <Plane registration="LEF9797">
        <Customer>
            <Firstname>Soraya</Firstname>
            <Lastname>Carr</Lastname>
            <Address zip="31976" city="South Nicholas">
                <Street>Todd Manor</Street>
                <Housenumber>203</Housenumber>
            </Address>
        </Customer>
        <Toilets>
            <ToiletSpecs unitid="30e82743-5886-4fc5-8fac-6a8b2a647ded">
                <Capacity>12.84</Capacity>
                <Flowrate>3.13</Flowrate>
            </ToiletSpecs>
        </Toilets>
    </Plane>
    <Plane registration="JAH1777">
        <Customer>
            <Firstname>Nathanael</Firstname>
            <Lastname>Ryan</Lastname>
            <Address zip="61332" city="West Courtneytown">
                <Street>Lee Forge</Street>
                <Housenumber>228</Housenumber>
            </Address>
        </Customer>
        <Toilets>
            <ToiletSpecs unitid="ddf0a6ea-4598-44ca-8be7-79bd9c7fbb8e">
                <Capacity>19.15</Capacity>
                <Flowrate>4.47</Flowrate>
            </ToiletSpecs>
            <ToiletSpecs unitid="b3bbd260-10ea-4102-b261-15126900d490">
                <Capacity>6.72</Capacity>
                <Flowrate>3.28</Flowrate>
            </ToiletSpecs>
        </Toilets>
    </Plane>
    <Plane registration="IDP5287">
        <Customer>
            <Firstname>Tim</Firstname>
            <Lastname>Cooper</Lastname>
            <Address zip="11076" city="South Linda">
                <Street>Kim Greens</Street>
                <Housenumber>233</Housenumber>
            </Address>
        </Customer>
        <Toilets>
            <ToiletSpecs unitid="495a42cb-eb9c-484f-8fd7-f5105ea86f43">
                <Capacity>8.17</Capacity>
                <Flowrate>2.11</Flowrate>
            </ToiletSpecs>
        </Toilets>
    </Plane>
    <Plane registration="SWW7557">
        <Customer>
            <Firstname>Berat</Firstname>
            <Lastname>Graf</Lastname>
            <Address zip="94980" city="Joanmouth">
                <Street>Hester Views</Street>
                <Housenumber>128</Housenumber>
            </Address>
        </Customer>
        <Toilets>
            <ToiletSpecs unitid="192aeead-11d1-484a-8b13-a3f3744049c1">
                <Capacity>13.66</Capacity>
                <Flowrate>3.05</Flowrate>
            </ToiletSpecs>
        </Toilets>
    </Plane>
    <Plane registration="GED3500">
        <Customer>
            <Firstname>Saphira</Firstname>
            <Lastname>Heilig</Lastname>
            <Address zip="33509" city="New Tannerland">
                <Street>Wheeler Meadows</Street>
                <Housenumber>110</Housenumber>
            </Address>
        </Customer>
        <Toilets>
            <ToiletSpecs unitid="9ce4037e-a58f-4586-9a65-3430723e8945">
                <Capacity>14.41</Capacity>
                <Flowrate>2.92</Flowrate>
            </ToiletSpecs>
            <ToiletSpecs unitid="e71b4071-f8ea-4bac-ab02-f4abcf912e05">
                <Capacity>8.87</Capacity>
                <Flowrate>4.84</Flowrate>
            </ToiletSpecs>
            <ToiletSpecs unitid="f93e0258-69ed-45bc-aa0f-f90dcacf71bd">
                <Capacity>12.84</Capacity>
                <Flowrate>4.82</Flowrate>
            </ToiletSpecs>
        </Toilets>
    </Plane>
    <Plane registration="AKN7312">
        <Customer>
            <Firstname>Maxi</Firstname>
            <Lastname>Gray</Lastname>
            <Address zip="23453" city="Justinborough">
                <Street>Barbara Neck</Street>
                <Housenumber>50</Housenumber>
            </Address>
        </Customer>
        <Toilets>
            <ToiletSpecs unitid="f4a815ef-bae4-4a6f-bba0-bb274f4a45ba">
                <Capacity>13.65</Capacity>
                <Flowrate>3.77</Flowrate>
            </ToiletSpecs>
        </Toilets>
    </Plane>
    <Plane registration="FIQ4279">
        <Customer>
            <Firstname>Leona</Firstname>
            <Lastname>Summers</Lastname>
            <Address zip="24469" city="Lake Matthewstad">
                <Street>Gardner Place</Street>
                <Housenumber>218</Housenumber>
            </Address>
        </Customer>
        <Toilets>
            <ToiletSpecs unitid="4e5aef03-8d3a-4076-b974-e1700c3c2616">
                <Capacity>11.43</Capacity>
                <Flowrate>2.35</Flowrate>
            </ToiletSpecs>
            <ToiletSpecs unitid="cc3524e5-cdd7-4809-aa28-655da75e5083">
                <Capacity>17.71</Capacity>
                <Flowrate>2.04</Flowrate>
            </ToiletSpecs>
        </Toilets>
    </Plane>
    <Plane registration="EII2633">
        <Customer>
            <Firstname>Cara</Firstname>
            <Lastname>Peters</Lastname>
            <Address zip="33443" city="Garytown">
                <Street>Smith Tunnel</Street>
                <Housenumber>112</Housenumber>
            </Address>
        </Customer>
        <Toilets>
            <ToiletSpecs unitid="7b483fc2-78c2-43d5-bad3-46c6aaeea5a6">
                <Capacity>7.58</Capacity>
                <Flowrate>2.38</Flowrate>
            </ToiletSpecs>
        </Toilets>
    </Plane>
    <Plane registration="YQR1913">
        <Customer>
            <Firstname>Lily</Firstname>
            <Lastname>Moody</Lastname>
            <Address zip="10458" city="New Heather">
                <Street>Priscilla Extensions</Street>
                <Housenumber>247</Housenumber>
            </Address>
        </Customer>
        <Toilets>
            <ToiletSpecs unitid="c437c8f2-d866-4a01-a062-762ed4bb9d91">
                <Capacity>8.78</Capacity>
                <Flowrate>2.74</Flowrate>
            </ToiletSpecs>
        </Toilets>
    </Plane>
    <Plane registration="PSD5577">
        <Customer>
            <Firstname>Sunny</Firstname>
            <Lastname>Christensen</Lastname>
            <Address zip="97948" city="Lopeztown">
                <Street>Antonio Meadows</Street>
                <Housenumber>292</Housenumber>
            </Address>
        </Customer>
        <Toilets>
            <ToiletSpecs unitid="03d7c606-59d6-4945-bb5b-59545e7c1fdb">
                <Capacity>16.14</Capacity>
                <Flowrate>2.65</Flowrate>
            </ToiletSpecs>
        </Toilets>
    </Plane>
</Planes>