{
    "cpus": {
        "AMD_Ryzen_5_5600X": 9001,
        "Intel_Core_i7-12700K": 9001,
        "AMD_Ryzen_7_5800X": 9001,
        "AMD_Ryzen_9_5900X": 9001
    },
    "cpu_coolers": {
        "Cooler_Master_Hyper_212_RGB_Black_Edition": 9001,
        "Noctua_NH-D15_chromax_black_CPU-Cooler": 9001,
        "be_quiet_Dark_Rock_4_CPU-Cooler": 9001,
        "be_quiet_Pure_Rock_2_Black_CPU-Cooler": 9001
    },
    "gpus": {
        "NVIDIA_GeForce_RTX_3080": 9001,
        "NVIDIA_Quadro_RTX_A6000": 9001,
        "AMD_Radeon_RX_6950_XT": 9001,
        "AMD_Radeon_RX_580": 9001
    },
    "ram": {
        "Corsair_Vengeance_RGB_Pro_schwarz_DDR4-3200": 9001,
        "G_Skill_RipJaws_V_DDR4-3200": 9001,
        "Crucial_Ballistix_schwarz_DDR4-3200": 9001,
        "Corsair_Vengeance_LPX_schwarz": 9001
    }
}